"fechafacturacion","nropresupuesto","ordennro","estado","cliente","condicion","tipo_producto","codigo","sep1","esplancha","tienecorte","ncorte","cantidad","ancho","alto","m2","preciom2","precioplancha","listaprecio","preciolistam2","preciolistapla","sep2","totalusd","preciototalgs","descuento","espera","sep3","tipo_anexo","cantidad_anexo","precio_unitario_anexo","sep4","vendedor","nrofactura","porgananciasusd","gananciausd","costousd","gananciags","costogs","utilidad","cambio","fechafacdia","fechafacsemana","fechafacmes","fechafacanio","idop"
"2026-03-03","PRE-184607","ORD-114672-6-2-2","Entregado","DYCK S.A. (Dyck SA  Johan)","Crédito","VIDRIO","Lam4+4I"," |","-","SI","3","2","0.513","0.987","1.012662","34.34","0","OPTIMIZADO C","34.34","0"," |","34.77","246867","   0.0","-"," |","-","0","0"," |","lucyr","001-001-0038584","0","0","0","0","0","0","7100","03","10","03","2026","137209"
"2026-03-03","PRE-184607","-","-","DYCK S.A. (Dyck SA  Johan)","Crédito","ANEXO","Pulido-MTL pulido recto 8 a 10mm"," |","-","-","0","0","0","0","0","0","0","Lista A","0","0"," |","5.22","37062","0.0","-"," |","Servicio","6","0.87"," |","lucyr","001-001-0038584","0","0","0","0","0","0","7100","03","10","03","2026","0"
"2026-03-03","PRE-184607","ORD-114672-6-2-2","Entregado","DYCK S.A. (Dyck SA  Johan)","Crédito","VIDRIO","Lam4+4I"," |","-","SI","3","2","0.854","0.987","1.6857959999999999","34.34","0","OPTIMIZADO C","34.34","0"," |","57.89","411019","   0.0","-"," |","-","0","0"," |","lucyr","001-001-0038584","0","0","0","0","0","0","7100","03","10","03","2026","137209"
"2026-03-03","PRE-184607","-","-","DYCK S.A. (Dyck SA  Johan)","Crédito","ANEXO","Pulido-MTL pulido recto 8 a 10mm"," |","-","-","0","0","0","0","0","0","0","Lista A","0","0"," |","6.4","45440","0.0","-"," |","Servicio","7.36","0.87"," |","lucyr","001-001-0038584","0","0","0","0","0","0","7100","03","10","03","2026","0"
"2026-03-03","PRE-184607","ORD-114672-6-1-2","Entregado","DYCK S.A. (Dyck SA  Johan)","Crédito","VIDRIO","V6I"," |","-","SI","3","2","0.513","0.987","1.012662","17.66","0","OPTIMIZADO C","17.66","0"," |","17.88","126948","   0.0","-"," |","-","0","0"," |","lucyr","001-001-0038584","0","0","0","0","0","0","7100","03","10","03","2026","137025"
"2026-03-03","PRE-184607","-","-","DYCK S.A. (Dyck SA  Johan)","Crédito","ANEXO","Pulido-MTL pulido recto 3 a 6mm"," |","-","-","0","0","0","0","0","0","0","Lista A","0","0"," |","5.22","37062","0.0","-"," |","Servicio","6","0.87"," |","lucyr","001-001-0038584","0","0","0","0","0","0","7100","03","10","03","2026","0"
"2026-03-03","PRE-184607","-","-","DYCK S.A. (Dyck SA  Johan)","Crédito","ANEXO","DVH-M2 DVH para perfilería Cámara 12"," |","-","-","0","0","0","0","0","0","0","Lista A","0","0"," |","91.8","651780","0.0","-"," |","Servicio","2.7","34"," |","lucyr","001-001-0038584","0","0","0","0","0","0","7100","03","10","03","2026","0"
"2026-03-03","PRE-184607","ORD-114672-6-1-2","Entregado","DYCK S.A. (Dyck SA  Johan)","Crédito","VIDRIO","V6I"," |","-","SI","3","2","0.854","0.987","1.6857959999999999","17.66","0","OPTIMIZADO C","17.66","0"," |","29.77","211367","   0.0","-"," |","-","0","0"," |","lucyr","001-001-0038584","0","0","0","0","0","0","7100","03","10","03","2026","137025"
"2026-03-03","PRE-184607","-","-","DYCK S.A. (Dyck SA  Johan)","Crédito","ANEXO","Pulido-MTL pulido recto 3 a 6mm"," |","-","-","0","0","0","0","0","0","0","Lista A","0","0"," |","6.4","45440","0.0","-"," |","Servicio","7.36","0.87"," |","lucyr","001-001-0038584","0","0","0","0","0","0","7100","03","10","03","2026","0"
"2026-03-03","PRE-184606","ORD-114673-4-1-2","Entregado","DYCK S.A. (Dyck SA  Johan)","Crédito","VIDRIO","V6I"," |","-","SI","3","2","0.27","0.329","0.17766","17.66","0","OPTIMIZADO C","17.66","0"," |","3.14","22294","   0.0","-"," |","-","0","0"," |","lucyr","001-001-0038585","0","0","0","0","0","0","7100","03","10","03","2026","137024"
"2026-03-03","PRE-184606","-","-","DYCK S.A. (Dyck SA  Johan)","Crédito","ANEXO","Pulido-MTL pulido recto 3 a 6mm"," |","-","-","0","0","0","0","0","0","0","Lista A","0","0"," |","2.09","14839","0.0","-"," |","Servicio","2.4","0.87"," |","lucyr","001-001-0038585","0","0","0","0","0","0","7100","03","10","03","2026","0"
"2026-03-03","PRE-184606","ORD-114673-4-1-2","Entregado","DYCK S.A. (Dyck SA  Johan)","Crédito","VIDRIO","V6I"," |","-","SI","3","2","0.265","0.329","0.17437000000000002","17.66","0","OPTIMIZADO C","17.66","0"," |","3.08","21868","   0.0","-"," |","-","0","0"," |","lucyr","001-001-0038585","0","0","0","0","0","0","7100","03","10","03","2026","137024"
"2026-03-03","PRE-184606","-","-","DYCK S.A. (Dyck SA  Johan)","Crédito","ANEXO","Pulido-MTL pulido recto 3 a 6mm"," |","-","-","0","0","0","0","0","0","0","Lista A","0","0"," |","2.07","14697","0.0","-"," |","Servicio","2.38","0.87"," |","lucyr","001-001-0038585","0","0","0","0","0","0","7100","03","10","03","2026","0"
"2026-03-03","PRE-184606","-","-","DYCK S.A. (Dyck SA  Johan)","Crédito","ANEXO","DVH-M2 DVH para perfilería Cámara 12"," |","-","-","0","0","0","0","0","0","0","Lista A","0","0"," |","11.9","84490","0.0","-"," |","Servicio","0.35","34"," |","lucyr","001-001-0038585","0","0","0","0","0","0","7100","03","10","03","2026","0"
"2026-03-03","PRE-184606","ORD-114673-4-2-2","Entregado","DYCK S.A. (Dyck SA  Johan)","Crédito","VIDRIO","Lam4+4G"," |","-","SI","3","2","0.265","0.329","0.17437000000000002","45.54","0","OPTIMIZADO C","49.5","0"," |","7.94","56374","   8.0","-"," |","-","0","0"," |","lucyr","001-001-0038585","0","0","0","0","0","0","7100","03","10","03","2026","137210"
"2026-03-03","PRE-184606","-","-","DYCK S.A. (Dyck SA  Johan)","Crédito","ANEXO","Pulido-MTL pulido recto 3 a 6mm"," |","-","-","0","0","0","0","0","0","0","Lista A","0","0"," |","2.07","14697","0.0","-"," |","Servicio","2.38","0.87"," |","lucyr","001-001-0038585","0","0","0","0","0","0","7100","03","10","03","2026","0"
"2026-03-03","PRE-184606","ORD-114673-4-2-2","Entregado","DYCK S.A. (Dyck SA  Johan)","Crédito","VIDRIO","Lam4+4G"," |","-","SI","3","2","0.27","0.329","0.17766","45.54","0","OPTIMIZADO C","49.5","0"," |","8.09","57439","   8.0","-"," |","-","0","0"," |","lucyr","001-001-0038585","0","0","0","0","0","0","7100","03","10","03","2026","137210"
"2026-03-03","PRE-184606","-","-","DYCK S.A. (Dyck SA  Johan)","Crédito","ANEXO","Pulido-MTL pulido recto 3 a 6mm"," |","-","-","0","0","0","0","0","0","0","Lista A","0","0"," |","2.09","14839","0.0","-"," |","Servicio","2.4","0.87"," |","lucyr","001-001-0038585","0","0","0","0","0","0","7100","03","10","03","2026","0"
"2026-03-03","PRE-184575","ORD-114674-2-2-2","Entregado","DYCK S.A. (Dyck SA  Johan)","Crédito","VIDRIO","V6I"," |","-","SI","8","4","0.557","0.752","1.675456","17.66","0","OPTIMIZADO C","17.66","0"," |","29.59","210089","   0.0","-"," |","-","0","0"," |","lucyr","001-001-0038586","0","0","0","0","0","0","7100","03","10","03","2026","137211"
"2026-03-03","PRE-184575","-","-","DYCK S.A. (Dyck SA  Johan)","Crédito","ANEXO","Pulido-MTL pulido recto 3 a 6mm"," |","-","-","0","0","0","0","0","0","0","Lista A","0","0"," |","9.11","64681","0.0","-"," |","Servicio","10.47","0.87"," |","lucyr","001-001-0038586","0","0","0","0","0","0","7100","03","10","03","2026","0"
"2026-03-03","PRE-184575","ORD-114674-2-2-2","Entregado","DYCK S.A. (Dyck SA  Johan)","Crédito","VIDRIO","V6I"," |","-","SI","8","1","1.35","0.17","0.22950000000000004","17.66","0","OPTIMIZADO C","17.66","0"," |","4.05","28755","   0.0","-"," |","-","0","0"," |","lucyr","001-001-0038586","0","0","0","0","0","0","7100","03","10","03","2026","137211"
"2026-03-03","PRE-184575","-","-","DYCK S.A. (Dyck SA  Johan)","Crédito","ANEXO","Pulido-MTL pulido recto 3 a 6mm"," |","-","-","0","0","0","0","0","0","0","Lista A","0","0"," |","2.64","18744","0.0","-"," |","Servicio","3.04","0.87"," |","lucyr","001-001-0038586","0","0","0","0","0","0","7100","03","10","03","2026","0"
"2026-03-03","PRE-184575","ORD-114674-2-2-2","Entregado","DYCK S.A. (Dyck SA  Johan)","Crédito","VIDRIO","V6I"," |","-","SI","8","1","1.07","0.794","0.8495800000000001","17.66","0","OPTIMIZADO C","17.66","0"," |","15","106500","   0.0","-"," |","-","0","0"," |","lucyr","001-001-0038586","0","0","0","0","0","0","7100","03","10","03","2026","137211"
"2026-03-03","PRE-184575","-","-","DYCK S.A. (Dyck SA  Johan)","Crédito","ANEXO","Pulido-MTL pulido recto 3 a 6mm"," |","-","-","0","0","0","0","0","0","0","Lista A","0","0"," |","3.25","23075","0.0","-"," |","Servicio","3.73","0.87"," |","lucyr","001-001-0038586","0","0","0","0","0","0","7100","03","10","03","2026","0"
"2026-03-03","PRE-184575","ORD-114674-2-2-2","Entregado","DYCK S.A. (Dyck SA  Johan)","Crédito","VIDRIO","V6I"," |","-","SI","8","2","0.553","0.527","0.5828620000000001","17.66","0","OPTIMIZADO C","17.66","0"," |","10.29","73059","   0.0","-"," |","-","0","0"," |","lucyr","001-001-0038586","0","0","0","0","0","0","7100","03","10","03","2026","137211"
"2026-03-03","PRE-184575","-","-","DYCK S.A. (Dyck SA  Johan)","Crédito","ANEXO","Pulido-MTL pulido recto 3 a 6mm"," |","-","-","0","0","0","0","0","0","0","Lista A","0","0"," |","3.76","26696","0.0","-"," |","Servicio","4.32","0.87"," |","lucyr","001-001-0038586","0","0","0","0","0","0","7100","03","10","03","2026","0"
"2026-03-03","PRE-184575","ORD-114674-2-2-2","Entregado","DYCK S.A. (Dyck SA  Johan)","Crédito","VIDRIO","V6I"," |","-","SI","8","1","0.962","0.956","0.9196719999999999","17.66","0","OPTIMIZADO C","17.66","0"," |","16.24","115304","   0.0","-"," |","-","0","0"," |","lucyr","001-001-0038586","0","0","0","0","0","0","7100","03","10","03","2026","137211"
"2026-03-03","PRE-184575","-","-","DYCK S.A. (Dyck SA  Johan)","Crédito","ANEXO","Pulido-MTL pulido recto 3 a 6mm"," |","-","-","0","0","0","0","0","0","0","Lista A","0","0"," |","3.34","23714","0.0","-"," |","Servicio","3.84","0.87"," |","lucyr","001-001-0038586","0","0","0","0","0","0","7100","03","10","03","2026","0"
"2026-03-03","PRE-184575","ORD-114674-2-2-2","Entregado","DYCK S.A. (Dyck SA  Johan)","Crédito","VIDRIO","V6I"," |","-","SI","8","1","0.373","0.378","0.140994","17.66","0","OPTIMIZADO C","17.66","0"," |","2.49","17679","   0.0","-"," |","-","0","0"," |","lucyr","001-001-0038586","0","0","0","0","0","0","7100","03","10","03","2026","137211"
"2026-03-03","PRE-184575","-","-","DYCK S.A. (Dyck SA  Johan)","Crédito","ANEXO","Pulido-MTL pulido recto 3 a 6mm"," |","-","-","0","0","0","0","0","0","0","Lista A","0","0"," |","1.3","9230","0.0","-"," |","Servicio","1.5","0.87"," |","lucyr","001-001-0038586","0","0","0","0","0","0","7100","03","10","03","2026","0"
"2026-03-03","PRE-184575","ORD-114674-2-2-2","Entregado","DYCK S.A. (Dyck SA  Johan)","Crédito","VIDRIO","V6I"," |","-","SI","8","1","0.347","0.356","0.12353199999999999","17.66","0","OPTIMIZADO C","17.66","0"," |","2.18","15478","   0.0","-"," |","-","0","0"," |","lucyr","001-001-0038586","0","0","0","0","0","0","7100","03","10","03","2026","137211"
"2026-03-03","PRE-184575","-","-","DYCK S.A. (Dyck SA  Johan)","Crédito","ANEXO","Pulido-MTL pulido recto 3 a 6mm"," |","-","-","0","0","0","0","0","0","0","Lista A","0","0"," |","1.23","8733","0.0","-"," |","Servicio","1.41","0.87"," |","lucyr","001-001-0038586","0","0","0","0","0","0","7100","03","10","03","2026","0"
"2026-03-03","PRE-184575","ORD-114674-2-1-2","Entregado","DYCK S.A. (Dyck SA  Johan)","Crédito","VIDRIO","V5I"," |","-","SI","8","4","0.557","0.752","1.675456","15.46","0","OPTIMIZADO C","15.46","0"," |","25.9","183890","   0.0","-"," |","-","0","0"," |","lucyr","001-001-0038586","0","0","0","0","0","0","7100","03","10","03","2026","136996"
"2026-03-03","PRE-184575","-","-","DYCK S.A. (Dyck SA  Johan)","Crédito","ANEXO","Pulido-MTL pulido recto 3 a 6mm"," |","-","-","0","0","0","0","0","0","0","Lista A","0","0"," |","9.11","64681","0.0","-"," |","Servicio","10.47","0.87"," |","lucyr","001-001-0038586","0","0","0","0","0","0","7100","03","10","03","2026","0"
"2026-03-03","PRE-184575","ORD-114674-2-1-2","Entregado","DYCK S.A. (Dyck SA  Johan)","Crédito","VIDRIO","V5I"," |","-","SI","8","1","1.35","0.17","0.22950000000000004","15.46","0","OPTIMIZADO C","15.46","0"," |","3.55","25205","   0.0","-"," |","-","0","0"," |","lucyr","001-001-0038586","0","0","0","0","0","0","7100","03","10","03","2026","136996"
"2026-03-03","PRE-184575","-","-","DYCK S.A. (Dyck SA  Johan)","Crédito","ANEXO","Pulido-MTL pulido recto 3 a 6mm"," |","-","-","0","0","0","0","0","0","0","Lista A","0","0"," |","2.64","18744","0.0","-"," |","Servicio","3.04","0.87"," |","lucyr","001-001-0038586","0","0","0","0","0","0","7100","03","10","03","2026","0"
"2026-03-03","PRE-184575","ORD-114674-2-1-2","Entregado","DYCK S.A. (Dyck SA  Johan)","Crédito","VIDRIO","V5I"," |","-","SI","8","1","1.07","0.794","0.8495800000000001","15.46","0","OPTIMIZADO C","15.46","0"," |","13.13","93223","   0.0","-"," |","-","0","0"," |","lucyr","001-001-0038586","0","0","0","0","0","0","7100","03","10","03","2026","136996"
"2026-03-03","PRE-184575","-","-","DYCK S.A. (Dyck SA  Johan)","Crédito","ANEXO","Pulido-MTL pulido recto 3 a 6mm"," |","-","-","0","0","0","0","0","0","0","Lista A","0","0"," |","3.25","23075","0.0","-"," |","Servicio","3.73","0.87"," |","lucyr","001-001-0038586","0","0","0","0","0","0","7100","03","10","03","2026","0"
"2026-03-03","PRE-184575","ORD-114674-2-1-2","Entregado","DYCK S.A. (Dyck SA  Johan)","Crédito","VIDRIO","V5I"," |","-","SI","8","1","0.347","0.356","0.12353199999999999","15.46","0","OPTIMIZADO C","15.46","0"," |","1.91","13561","   0.0","-"," |","-","0","0"," |","lucyr","001-001-0038586","0","0","0","0","0","0","7100","03","10","03","2026","136996"
"2026-03-03","PRE-184575","-","-","DYCK S.A. (Dyck SA  Johan)","Crédito","ANEXO","Pulido-MTL pulido recto 3 a 6mm"," |","-","-","0","0","0","0","0","0","0","Lista A","0","0"," |","1.23","8733","0.0","-"," |","Servicio","1.41","0.87"," |","lucyr","001-001-0038586","0","0","0","0","0","0","7100","03","10","03","2026","0"
"2026-03-03","PRE-184575","-","-","DYCK S.A. (Dyck SA  Johan)","Crédito","ANEXO","DVH-M2 DVH para perfilería Cámara 12"," |","-","-","0","0","0","0","0","0","0","Lista A","0","0"," |","153.68","1091128","0.0","-"," |","Servicio","4.52","34"," |","lucyr","001-001-0038586","0","0","0","0","0","0","7100","03","10","03","2026","0"
"2026-03-03","PRE-184575","ORD-114674-2-1-2","Entregado","DYCK S.A. (Dyck SA  Johan)","Crédito","VIDRIO","V5I"," |","-","SI","8","2","0.553","0.527","0.5828620000000001","15.46","0","OPTIMIZADO C","15.46","0"," |","9.01","63971","   0.0","-"," |","-","0","0"," |","lucyr","001-001-0038586","0","0","0","0","0","0","7100","03","10","03","2026","136996"
"2026-03-03","PRE-184575","-","-","DYCK S.A. (Dyck SA  Johan)","Crédito","ANEXO","Pulido-MTL pulido recto 3 a 6mm"," |","-","-","0","0","0","0","0","0","0","Lista A","0","0"," |","3.76","26696","0.0","-"," |","Servicio","4.32","0.87"," |","lucyr","001-001-0038586","0","0","0","0","0","0","7100","03","10","03","2026","0"
"2026-03-03","PRE-184575","ORD-114674-2-1-2","Entregado","DYCK S.A. (Dyck SA  Johan)","Crédito","VIDRIO","V5I"," |","-","SI","8","1","0.962","0.956","0.9196719999999999","15.46","0","OPTIMIZADO C","15.46","0"," |","14.22","100962","   0.0","-"," |","-","0","0"," |","lucyr","001-001-0038586","0","0","0","0","0","0","7100","03","10","03","2026","136996"
"2026-03-03","PRE-184575","-","-","DYCK S.A. (Dyck SA  Johan)","Crédito","ANEXO","Pulido-MTL pulido recto 3 a 6mm"," |","-","-","0","0","0","0","0","0","0","Lista A","0","0"," |","3.34","23714","0.0","-"," |","Servicio","3.84","0.87"," |","lucyr","001-001-0038586","0","0","0","0","0","0","7100","03","10","03","2026","0"
"2026-03-03","PRE-184575","ORD-114674-2-1-2","Entregado","DYCK S.A. (Dyck SA  Johan)","Crédito","VIDRIO","V5I"," |","-","SI","8","1","0.373","0.378","0.140994","15.46","0","OPTIMIZADO C","15.46","0"," |","2.18","15478","   0.0","-"," |","-","0","0"," |","lucyr","001-001-0038586","0","0","0","0","0","0","7100","03","10","03","2026","136996"
"2026-03-03","PRE-184575","-","-","DYCK S.A. (Dyck SA  Johan)","Crédito","ANEXO","Pulido-MTL pulido recto 3 a 6mm"," |","-","-","0","0","0","0","0","0","0","Lista A","0","0"," |","1.3","9230","0.0","-"," |","Servicio","1.5","0.87"," |","lucyr","001-001-0038586","0","0","0","0","0","0","7100","03","10","03","2026","0"
"2026-03-03","PRE-184574","ORD-114675-0-1-2","Entregado","DYCK S.A. (Dyck SA  Johan)","Crédito","VIDRIO","V6I"," |","-","SI","3","2","1.278","1.835","4.69026","17.66","0","OPTIMIZADO C","17.66","0"," |","82.83","588093","   0.0","-"," |","-","0","0"," |","lucyr","001-001-0038587","0","0","0","0","0","0","7100","03","10","03","2026","136995"
"2026-03-03","PRE-184574","-","-","DYCK S.A. (Dyck SA  Johan)","Crédito","ANEXO","Pulido-MTL pulido recto 3 a 6mm"," |","-","-","0","0","0","0","0","0","0","Lista A","0","0"," |","10.83","76893","0.0","-"," |","Servicio","12.45","0.87"," |","lucyr","001-001-0038587","0","0","0","0","0","0","7100","03","10","03","2026","0"
"2026-03-03","PRE-184574","ORD-114675-0-1-2","Entregado","DYCK S.A. (Dyck SA  Johan)","Crédito","VIDRIO","V6I"," |","-","SI","3","1","0.622","1.985","1.2346700000000002","17.66","0","OPTIMIZADO C","17.66","0"," |","21.8","154780","   0.0","-"," |","-","0","0"," |","lucyr","001-001-0038587","0","0","0","0","0","0","7100","03","10","03","2026","136995"
"2026-03-03","PRE-184574","-","-","DYCK S.A. (Dyck SA  Johan)","Crédito","ANEXO","Pulido-MTL pulido recto 3 a 6mm"," |","-","-","0","0","0","0","0","0","0","Lista A","0","0"," |","4.53","32163","0.0","-"," |","Servicio","5.21","0.87"," |","lucyr","001-001-0038587","0","0","0","0","0","0","7100","03","10","03","2026","0"
"2026-03-03","PRE-184574","-","-","DYCK S.A. (Dyck SA  Johan)","Crédito","ANEXO","DVH-M2 DVH para perfilería Cámara 12"," |","-","-","0","0","0","0","0","0","0","Lista A","0","0"," |","201.28","1429088","0.0","-"," |","Servicio","5.92","34"," |","lucyr","001-001-0038587","0","0","0","0","0","0","7100","03","10","03","2026","0"
"2026-03-03","PRE-184574","ORD-114675-0-2-2","Entregado","DYCK S.A. (Dyck SA  Johan)","Crédito","VIDRIO","Lam4+4I"," |","-","SI","3","1","0.622","1.985","1.2346700000000002","34.34","0","OPTIMIZADO C","34.34","0"," |","42.4","301040","   0.0","-"," |","-","0","0"," |","lucyr","001-001-0038587","0","0","0","0","0","0","7100","03","10","03","2026","137212"
"2026-03-03","PRE-184574","-","-","DYCK S.A. (Dyck SA  Johan)","Crédito","ANEXO","Pulido-MTL pulido recto 8 a 10mm"," |","-","-","0","0","0","0","0","0","0","Lista A","0","0"," |","4.53","32163","0.0","-"," |","Servicio","5.21","0.87"," |","lucyr","001-001-0038587","0","0","0","0","0","0","7100","03","10","03","2026","0"
"2026-03-03","PRE-184574","ORD-114675-0-2-2","Entregado","DYCK S.A. (Dyck SA  Johan)","Crédito","VIDRIO","Lam4+4I"," |","-","SI","3","2","1.278","1.835","4.69026","34.34","0","OPTIMIZADO C","34.34","0"," |","161.06","1143526","   0.0","-"," |","-","0","0"," |","lucyr","001-001-0038587","0","0","0","0","0","0","7100","03","10","03","2026","137212"
"2026-03-03","PRE-184574","-","-","DYCK S.A. (Dyck SA  Johan)","Crédito","ANEXO","Pulido-MTL pulido recto 8 a 10mm"," |","-","-","0","0","0","0","0","0","0","Lista A","0","0"," |","10.83","76893","0.0","-"," |","Servicio","12.45","0.87"," |","lucyr","001-001-0038587","0","0","0","0","0","0","7100","03","10","03","2026","0"
"2026-03-03","PRE-184571","ORD-114676-9-1-2","Entregado","DYCK S.A. (Dyck SA  Johan)","Crédito","VIDRIO","V5I"," |","-","SI","2","1","1.076","0.363","0.390588","15.46","0","OPTIMIZADO C","15.46","0"," |","6.04","42884","   0.0","-"," |","-","0","0"," |","lucyr","001-001-0038588","0","0","0","0","0","0","7100","03","10","03","2026","136993"
"2026-03-03","PRE-184571","-","-","DYCK S.A. (Dyck SA  Johan)","Crédito","ANEXO","Pulido-MTL pulido recto 3 a 6mm"," |","-","-","0","0","0","0","0","0","0","Lista A","0","0"," |","2.51","17821","0.0","-"," |","Servicio","2.88","0.87"," |","lucyr","001-001-0038588","0","0","0","0","0","0","7100","03","10","03","2026","0"
"2026-03-03","PRE-184571","-","-","DYCK S.A. (Dyck SA  Johan)","Crédito","ANEXO","DVH-M2 DVH para perfilería Cámara 12"," |","-","-","0","0","0","0","0","0","0","Lista A","0","0"," |","13.26","94146","0.0","-"," |","Servicio","0.39","34"," |","lucyr","001-001-0038588","0","0","0","0","0","0","7100","03","10","03","2026","0"
"2026-03-03","PRE-184571","ORD-114676-9-2-2","Entregado","DYCK S.A. (Dyck SA  Johan)","Crédito","VIDRIO","V6I"," |","-","SI","2","1","1.076","0.363","0.390588","17.66","0","OPTIMIZADO C","17.66","0"," |","6.9","48990","   0.0","-"," |","-","0","0"," |","lucyr","001-001-0038588","0","0","0","0","0","0","7100","03","10","03","2026","137213"
"2026-03-03","PRE-184571","-","-","DYCK S.A. (Dyck SA  Johan)","Crédito","ANEXO","Pulido-MTL pulido recto 3 a 6mm"," |","-","-","0","0","0","0","0","0","0","Lista A","0","0"," |","2.51","17821","0.0","-"," |","Servicio","2.88","0.87"," |","lucyr","001-001-0038588","0","0","0","0","0","0","7100","03","10","03","2026","0"
"2026-03-03","PRE-184570","ORD-114677-7-1-2","Entregado","DYCK S.A. (Dyck SA  Johan)","Crédito","VIDRIO","V6I"," |","-","SI","2","2","0.671","1.787","2.398154","17.66","0","OPTIMIZADO C","17.66","0"," |","42.35","300685","   0.0","-"," |","-","0","0"," |","lucyr","001-001-0038589","0","0","0","0","0","0","7100","03","10","03","2026","136992"
"2026-03-03","PRE-184570","-","-","DYCK S.A. (Dyck SA  Johan)","Crédito","ANEXO","Pulido-MTL pulido recto 3 a 6mm"," |","-","-","0","0","0","0","0","0","0","Lista A","0","0"," |","8.55","60705","0.0","-"," |","Servicio","9.83","0.87"," |","lucyr","001-001-0038589","0","0","0","0","0","0","7100","03","10","03","2026","0"
"2026-03-03","PRE-184570","-","-","DYCK S.A. (Dyck SA  Johan)","Crédito","ANEXO","DVH-M2 DVH para perfilería Cámara 12"," |","-","-","0","0","0","0","0","0","0","Lista A","0","0"," |","81.6","579360","0.0","-"," |","Servicio","2.4","34"," |","lucyr","001-001-0038589","0","0","0","0","0","0","7100","03","10","03","2026","0"
"2026-03-03","PRE-184570","ORD-114677-7-2-2","Entregado","DYCK S.A. (Dyck SA  Johan)","Crédito","VIDRIO","Lam4+4G"," |","-","SI","2","2","0.671","1.787","2.398154","45.54","0","OPTIMIZADO C","49.5","0"," |","109.21","775391","   8.0","-"," |","-","0","0"," |","lucyr","001-001-0038589","0","0","0","0","0","0","7100","03","10","03","2026","137214"
"2026-03-03","PRE-184570","-","-","DYCK S.A. (Dyck SA  Johan)","Crédito","ANEXO","Pulido-MTL pulido recto 8 a 10mm"," |","-","-","0","0","0","0","0","0","0","Lista A","0","0"," |","8.55","60705","0.0","-"," |","Servicio","9.83","0.87"," |","lucyr","001-001-0038589","0","0","0","0","0","0","7100","03","10","03","2026","0"
"2026-03-03","PRE-184420","ORD-114678-5-2-2","Entregado","DYCK S.A. (Dyck SA  Johan)","Crédito","VIDRIO","Lam4+4I"," |","-","SI","6","1","1.051","1.847","1.9411969999999998","34.34","0","OPTIMIZADO C","34.34","0"," |","66.66","473286","   0.0","-"," |","-","0","0"," |","lucyr","001-001-0038590","0","0","0","0","0","0","7100","03","10","03","2026","137215"
"2026-03-03","PRE-184420","-","-","DYCK S.A. (Dyck SA  Johan)","Crédito","ANEXO","Pulido-MTL pulido recto 8 a 10mm"," |","-","-","0","0","0","0","0","0","0","Lista A","0","0"," |","5.05","35855","0.0","-"," |","Servicio","5.8","0.87"," |","lucyr","001-001-0038590","0","0","0","0","0","0","7100","03","10","03","2026","0"
"2026-03-03","PRE-184420","ORD-114678-5-2-2","Entregado","DYCK S.A. (Dyck SA  Johan)","Crédito","VIDRIO","Lam4+4I"," |","-","SI","6","1","2.413","1.847","4.456810999999999","34.34","0","OPTIMIZADO C","34.34","0"," |","153.05","1086655","   0.0","-"," |","-","0","0"," |","lucyr","001-001-0038590","0","0","0","0","0","0","7100","03","10","03","2026","137215"
"2026-03-03","PRE-184420","-","-","DYCK S.A. (Dyck SA  Johan)","Crédito","ANEXO","Pulido-MTL pulido recto 8 a 10mm"," |","-","-","0","0","0","0","0","0","0","Lista A","0","0"," |","7.41","52611","0.0","-"," |","Servicio","8.52","0.87"," |","lucyr","001-001-0038590","0","0","0","0","0","0","7100","03","10","03","2026","0"
"2026-03-03","PRE-184420","ORD-114678-5-2-2","Entregado","DYCK S.A. (Dyck SA  Johan)","Crédito","VIDRIO","Lam4+4I"," |","-","SI","6","1","1.587","1.855","2.943885","34.34","0","OPTIMIZADO C","34.34","0"," |","101.09","717739","   0.0","-"," |","-","0","0"," |","lucyr","001-001-0038590","0","0","0","0","0","0","7100","03","10","03","2026","137215"
"2026-03-03","PRE-184420","-","-","DYCK S.A. (Dyck SA  Johan)","Crédito","ANEXO","Pulido-MTL pulido recto 8 a 10mm"," |","-","-","0","0","0","0","0","0","0","Lista A","0","0"," |","5.99","42529","0.0","-"," |","Servicio","6.88","0.87"," |","lucyr","001-001-0038590","0","0","0","0","0","0","7100","03","10","03","2026","0"
"2026-03-03","PRE-184420","ORD-114678-5-2-2","Entregado","DYCK S.A. (Dyck SA  Johan)","Crédito","VIDRIO","Lam4+4I"," |","-","SI","6","1","1.051","1.855","1.9496049999999998","34.34","0","OPTIMIZADO C","34.34","0"," |","66.95","475345","   0.0","-"," |","-","0","0"," |","lucyr","001-001-0038590","0","0","0","0","0","0","7100","03","10","03","2026","137215"
"2026-03-03","PRE-184420","-","-","DYCK S.A. (Dyck SA  Johan)","Crédito","ANEXO","Pulido-MTL pulido recto 8 a 10mm"," |","-","-","0","0","0","0","0","0","0","Lista A","0","0"," |","5.05","35855","0.0","-"," |","Servicio","5.81","0.87"," |","lucyr","001-001-0038590","0","0","0","0","0","0","7100","03","10","03","2026","0"
"2026-03-03","PRE-184420","ORD-114678-5-2-2","Entregado","DYCK S.A. (Dyck SA  Johan)","Crédito","VIDRIO","Lam4+4I"," |","-","SI","6","1","2.83","1.953","5.5269900000000005","34.34","0","OPTIMIZADO C","34.34","0"," |","189.8","1347580","   0.0","-"," |","-","0","0"," |","lucyr","001-001-0038590","0","0","0","0","0","0","7100","03","10","03","2026","137215"
"2026-03-03","PRE-184420","-","-","DYCK S.A. (Dyck SA  Johan)","Crédito","ANEXO","Pulido-MTL pulido recto 8 a 10mm"," |","-","-","0","0","0","0","0","0","0","Lista A","0","0"," |","8.33","59143","0.0","-"," |","Servicio","9.57","0.87"," |","lucyr","001-001-0038590","0","0","0","0","0","0","7100","03","10","03","2026","0"
"2026-03-03","PRE-184420","ORD-114678-5-1-2","Entregado","DYCK S.A. (Dyck SA  Johan)","Crédito","VIDRIO","V6G"," |","-","SI","6","1","2.413","1.847","4.456810999999999","23.23","0","OPTIMIZADO C","23.23","0"," |","103.53","735063","   0.0","-"," |","-","0","0"," |","lucyr","001-001-0038590","0","0","0","0","0","0","7100","03","10","03","2026","136844"
"2026-03-03","PRE-184420","-","-","DYCK S.A. (Dyck SA  Johan)","Crédito","ANEXO","Pulido-MTL pulido recto 3 a 6mm"," |","-","-","0","0","0","0","0","0","0","Lista A","0","0"," |","7.41","52611","0.0","-"," |","Servicio","8.52","0.87"," |","lucyr","001-001-0038590","0","0","0","0","0","0","7100","03","10","03","2026","0"
"2026-03-03","PRE-184420","ORD-114678-5-1-2","Entregado","DYCK S.A. (Dyck SA  Johan)","Crédito","VIDRIO","V6G"," |","-","SI","6","1","2.83","1.953","5.5269900000000005","23.23","0","OPTIMIZADO C","23.23","0"," |","128.39","911569","   0.0","-"," |","-","0","0"," |","lucyr","001-001-0038590","0","0","0","0","0","0","7100","03","10","03","2026","136844"
"2026-03-03","PRE-184420","-","-","DYCK S.A. (Dyck SA  Johan)","Crédito","ANEXO","Pulido-MTL pulido recto 3 a 6mm"," |","-","-","0","0","0","0","0","0","0","Lista A","0","0"," |","8.33","59143","0.0","-"," |","Servicio","9.57","0.87"," |","lucyr","001-001-0038590","0","0","0","0","0","0","7100","03","10","03","2026","0"
"2026-03-03","PRE-184420","ORD-114678-5-1-2","Entregado","DYCK S.A. (Dyck SA  Johan)","Crédito","VIDRIO","V6G"," |","-","SI","6","1","1.587","1.855","2.943885","23.23","0","OPTIMIZADO C","23.23","0"," |","68.39","485569","   0.0","-"," |","-","0","0"," |","lucyr","001-001-0038590","0","0","0","0","0","0","7100","03","10","03","2026","136844"
"2026-03-03","PRE-184420","-","-","DYCK S.A. (Dyck SA  Johan)","Crédito","ANEXO","Pulido-MTL pulido recto 3 a 6mm"," |","-","-","0","0","0","0","0","0","0","Lista A","0","0"," |","5.99","42529","0.0","-"," |","Servicio","6.88","0.87"," |","lucyr","001-001-0038590","0","0","0","0","0","0","7100","03","10","03","2026","0"
"2026-03-03","PRE-184420","ORD-114678-5-1-2","Entregado","DYCK S.A. (Dyck SA  Johan)","Crédito","VIDRIO","V6G"," |","-","SI","6","1","1.051","1.855","1.9496049999999998","23.23","0","OPTIMIZADO C","23.23","0"," |","45.29","321559","   0.0","-"," |","-","0","0"," |","lucyr","001-001-0038590","0","0","0","0","0","0","7100","03","10","03","2026","136844"
"2026-03-03","PRE-184420","-","-","DYCK S.A. (Dyck SA  Johan)","Crédito","ANEXO","Pulido-MTL pulido recto 3 a 6mm"," |","-","-","0","0","0","0","0","0","0","Lista A","0","0"," |","5.05","35855","0.0","-"," |","Servicio","5.81","0.87"," |","lucyr","001-001-0038590","0","0","0","0","0","0","7100","03","10","03","2026","0"
"2026-03-03","PRE-184420","ORD-114678-5-1-2","Entregado","DYCK S.A. (Dyck SA  Johan)","Crédito","VIDRIO","V6G"," |","-","SI","6","1","1.051","1.847","1.9411969999999998","23.23","0","OPTIMIZADO C","23.23","0"," |","45.09","320139","   0.0","-"," |","-","0","0"," |","lucyr","001-001-0038590","0","0","0","0","0","0","7100","03","10","03","2026","136844"
"2026-03-03","PRE-184420","-","-","DYCK S.A. (Dyck SA  Johan)","Crédito","ANEXO","Pulido-MTL pulido recto 3 a 6mm"," |","-","-","0","0","0","0","0","0","0","Lista A","0","0"," |","5.05","35855","0.0","-"," |","Servicio","5.8","0.87"," |","lucyr","001-001-0038590","0","0","0","0","0","0","7100","03","10","03","2026","0"
"2026-03-03","PRE-184420","-","-","DYCK S.A. (Dyck SA  Johan)","Crédito","ANEXO","DVH-M2 DVH para perfilería Cámara 12"," |","-","-","0","0","0","0","0","0","0","Lista A","0","0"," |","384.88","2732648","0.0","-"," |","Servicio","11.32","34"," |","lucyr","001-001-0038590","0","0","0","0","0","0","7100","03","10","03","2026","0"
"2026-03-03","PRE-184420","-","-","DYCK S.A. (Dyck SA  Johan)","Crédito","ANEXO","DVH-M2 DVH para perfilería Cámara 12"," |","-","-","0","0","0","0","0","0","0","Lista A","0","0"," |","225.5","1601050","0.0","-"," |","Servicio","5.5","41"," |","lucyr","001-001-0038590","0","0","0","0","0","0","7100","03","10","03","2026","0"
"2026-03-03","PRE-184419","ORD-114679-3-2-2","Entregado","DYCK S.A. (Dyck SA  Johan)","Crédito","VIDRIO","V6G"," |","-","SI","2","1","0.199","1.905","0.379095","23.23","0","OPTIMIZADO C","23.23","0"," |","8.81","62551","   0.0","-"," |","-","0","0"," |","lucyr","001-001-0038591","0","0","0","0","0","0","7100","03","10","03","2026","137216"
"2026-03-03","PRE-184419","-","-","DYCK S.A. (Dyck SA  Johan)","Crédito","ANEXO","Pulido-MTL pulido recto 3 a 6mm"," |","-","-","0","0","0","0","0","0","0","Lista A","0","0"," |","3.66","25986","0.0","-"," |","Servicio","4.21","0.87"," |","lucyr","001-001-0038591","0","0","0","0","0","0","7100","03","10","03","2026","0"
"2026-03-03","PRE-184419","ORD-114679-3-1-2","Entregado","DYCK S.A. (Dyck SA  Johan)","Crédito","VIDRIO","V5I"," |","-","SI","2","1","0.199","1.905","0.379095","15.46","0","OPTIMIZADO C","15.46","0"," |","5.86","41606","   0.0","-"," |","-","0","0"," |","lucyr","001-001-0038591","0","0","0","0","0","0","7100","03","10","03","2026","136843"
"2026-03-03","PRE-184419","-","-","DYCK S.A. (Dyck SA  Johan)","Crédito","ANEXO","Pulido-MTL pulido recto 3 a 6mm"," |","-","-","0","0","0","0","0","0","0","Lista A","0","0"," |","3.66","25986","0.0","-"," |","Servicio","4.21","0.87"," |","lucyr","001-001-0038591","0","0","0","0","0","0","7100","03","10","03","2026","0"
"2026-03-03","PRE-184419","-","-","DYCK S.A. (Dyck SA  Johan)","Crédito","ANEXO","DVH-M2 DVH para perfilería Cámara 12"," |","-","-","0","0","0","0","0","0","0","Lista A","0","0"," |","12.92","91732","0.0","-"," |","Servicio","0.38","34"," |","lucyr","001-001-0038591","0","0","0","0","0","0","7100","03","10","03","2026","0"
"2026-03-14","PRE-185332","ORD-115012-0-1-2","Entregado","DYCK S.A. (Dyck SA  Johan)","Crédito","VIDRIO","V6I"," |","-","SI","7","8","0.944","1.912","14.439423999999999","18.54","0","OPTIMIZADO C","17.66","0"," |","267.75","1901025","  -5.0","-"," |","-","0","0"," |","lucyr","001-001-0038941","0","0","0","0","0","0","7100","14","11","03","2026","137770"
"2026-03-14","PRE-185332","-","-","DYCK S.A. (Dyck SA  Johan)","Crédito","ANEXO","Pulido-MTL pulido recto 3 a 6mm"," |","-","-","0","0","0","0","0","0","0","Lista A","0","0"," |","39.76","282296","0.0","-"," |","Servicio","45.7","0.87"," |","lucyr","001-001-0038941","0","0","0","0","0","0","7100","14","11","03","2026","0"
"2026-03-14","PRE-185332","ORD-115012-0-1-2","Entregado","DYCK S.A. (Dyck SA  Johan)","Crédito","VIDRIO","V6I"," |","-","SI","7","2","0.746","1.867","2.785564","18.54","0","OPTIMIZADO C","17.66","0"," |","51.65","366715","  -5.0","-"," |","-","0","0"," |","lucyr","001-001-0038941","0","0","0","0","0","0","7100","14","11","03","2026","137770"
"2026-03-14","PRE-185332","-","-","DYCK S.A. (Dyck SA  Johan)","Crédito","ANEXO","Pulido-MTL pulido recto 3 a 6mm"," |","-","-","0","0","0","0","0","0","0","Lista A","0","0"," |","9.09","64539","0.0","-"," |","Servicio","10.45","0.87"," |","lucyr","001-001-0038941","0","0","0","0","0","0","7100","14","11","03","2026","0"
"2026-03-14","PRE-185332","-","-","DYCK S.A. (Dyck SA  Johan)","Crédito","ANEXO","DVH-M2 DVH para perfilería Cámara 12"," |","-","-","0","0","0","0","0","0","0","Lista A","0","0"," |","1190.34","8451414","0.0","-"," |","Servicio","35.01","34"," |","lucyr","001-001-0038941","0","0","0","0","0","0","7100","14","11","03","2026","0"
"2026-03-14","PRE-185332","ORD-115012-0-1-2","Entregado","DYCK S.A. (Dyck SA  Johan)","Crédito","VIDRIO","V6I"," |","-","SI","7","6","0.945","1.916","10.863719999999999","18.54","0","OPTIMIZADO C","17.66","0"," |","201.45","1430295","  -5.0","-"," |","-","0","0"," |","lucyr","001-001-0038941","0","0","0","0","0","0","7100","14","11","03","2026","137770"
"2026-03-14","PRE-185332","-","-","DYCK S.A. (Dyck SA  Johan)","Crédito","ANEXO","Pulido-MTL pulido recto 3 a 6mm"," |","-","-","0","0","0","0","0","0","0","Lista A","0","0"," |","29.87","212077","0.0","-"," |","Servicio","34.33","0.87"," |","lucyr","001-001-0038941","0","0","0","0","0","0","7100","14","11","03","2026","0"
"2026-03-14","PRE-185332","ORD-115012-0-1-2","Entregado","DYCK S.A. (Dyck SA  Johan)","Crédito","VIDRIO","V6I"," |","-","SI","7","1","2.082","0.307","0.6391739999999999","18.54","0","OPTIMIZADO C","17.66","0"," |","11.85","84135","  -5.0","-"," |","-","0","0"," |","lucyr","001-001-0038941","0","0","0","0","0","0","7100","14","11","03","2026","137770"
"2026-03-14","PRE-185332","-","-","DYCK S.A. (Dyck SA  Johan)","Crédito","ANEXO","Pulido-MTL pulido recto 3 a 6mm"," |","-","-","0","0","0","0","0","0","0","Lista A","0","0"," |","4.16","29536","0.0","-"," |","Servicio","4.78","0.87"," |","lucyr","001-001-0038941","0","0","0","0","0","0","7100","14","11","03","2026","0"
"2026-03-14","PRE-185332","ORD-115012-0-1-2","Entregado","DYCK S.A. (Dyck SA  Johan)","Crédito","VIDRIO","V6I"," |","-","SI","7","2","0.847","1.867","3.162698","18.54","0","OPTIMIZADO C","17.66","0"," |","58.65","416415","  -5.0","-"," |","-","0","0"," |","lucyr","001-001-0038941","0","0","0","0","0","0","7100","14","11","03","2026","137770"
"2026-03-14","PRE-185332","-","-","DYCK S.A. (Dyck SA  Johan)","Crédito","ANEXO","Pulido-MTL pulido recto 3 a 6mm"," |","-","-","0","0","0","0","0","0","0","Lista A","0","0"," |","9.45","67095","0.0","-"," |","Servicio","10.86","0.87"," |","lucyr","001-001-0038941","0","0","0","0","0","0","7100","14","11","03","2026","0"
"2026-03-14","PRE-185332","ORD-115012-0-1-2","Entregado","DYCK S.A. (Dyck SA  Johan)","Crédito","VIDRIO","V6I"," |","-","SI","7","2","0.847","1.839","3.1152659999999996","18.54","0","OPTIMIZADO C","17.66","0"," |","57.77","410167","  -5.0","-"," |","-","0","0"," |","lucyr","001-001-0038941","0","0","0","0","0","0","7100","14","11","03","2026","137770"
"2026-03-14","PRE-185332","-","-","DYCK S.A. (Dyck SA  Johan)","Crédito","ANEXO","Pulido-MTL pulido recto 3 a 6mm"," |","-","-","0","0","0","0","0","0","0","Lista A","0","0"," |","9.34","66314","0.0","-"," |","Servicio","10.74","0.87"," |","lucyr","001-001-0038941","0","0","0","0","0","0","7100","14","11","03","2026","0"
"2026-03-14","PRE-185332","ORD-115012-0-2-2","Entregado","DYCK S.A. (Dyck SA  Johan)","Crédito","VIDRIO","Lam4+4G"," |","-","SI","7","2","0.847","1.867","3.162698","45.54","0","OPTIMIZADO C","49.5","0"," |","144.03","1022613","   8.0","-"," |","-","0","0"," |","lucyr","001-001-0038941","0","0","0","0","0","0","7100","14","11","03","2026","137786"
"2026-03-14","PRE-185332","-","-","DYCK S.A. (Dyck SA  Johan)","Crédito","ANEXO","Pulido-MTL pulido recto 8 a 10mm"," |","-","-","0","0","0","0","0","0","0","Lista A","0","0"," |","9.45","67095","0.0","-"," |","Servicio","10.86","0.87"," |","lucyr","001-001-0038941","0","0","0","0","0","0","7100","14","11","03","2026","0"
"2026-03-14","PRE-185332","ORD-115012-0-2-2","Entregado","DYCK S.A. (Dyck SA  Johan)","Crédito","VIDRIO","Lam4+4G"," |","-","SI","7","2","0.746","1.867","2.785564","45.54","0","OPTIMIZADO C","49.5","0"," |","126.85","900635","   8.0","-"," |","-","0","0"," |","lucyr","001-001-0038941","0","0","0","0","0","0","7100","14","11","03","2026","137786"
"2026-03-14","PRE-185332","-","-","DYCK S.A. (Dyck SA  Johan)","Crédito","ANEXO","Pulido-MTL pulido recto 8 a 10mm"," |","-","-","0","0","0","0","0","0","0","Lista A","0","0"," |","9.09","64539","0.0","-"," |","Servicio","10.45","0.87"," |","lucyr","001-001-0038941","0","0","0","0","0","0","7100","14","11","03","2026","0"
"2026-03-14","PRE-185332","ORD-115012-0-2-2","Entregado","DYCK S.A. (Dyck SA  Johan)","Crédito","VIDRIO","Lam4+4G"," |","-","SI","7","1","2.082","0.307","0.6391739999999999","45.54","0","OPTIMIZADO C","49.5","0"," |","29.11","206681","   8.0","-"," |","-","0","0"," |","lucyr","001-001-0038941","0","0","0","0","0","0","7100","14","11","03","2026","137786"
"2026-03-14","PRE-185332","-","-","DYCK S.A. (Dyck SA  Johan)","Crédito","ANEXO","Pulido-MTL pulido recto 8 a 10mm"," |","-","-","0","0","0","0","0","0","0","Lista A","0","0"," |","4.16","29536","0.0","-"," |","Servicio","4.78","0.87"," |","lucyr","001-001-0038941","0","0","0","0","0","0","7100","14","11","03","2026","0"
"2026-03-14","PRE-185332","ORD-115012-0-2-2","Entregado","DYCK S.A. (Dyck SA  Johan)","Crédito","VIDRIO","Lam4+4G"," |","-","SI","7","8","0.944","1.912","14.439423999999999","45.54","0","OPTIMIZADO C","49.5","0"," |","657.57","4668747","   8.0","-"," |","-","0","0"," |","lucyr","001-001-0038941","0","0","0","0","0","0","7100","14","11","03","2026","137786"
"2026-03-14","PRE-185332","-","-","DYCK S.A. (Dyck SA  Johan)","Crédito","ANEXO","Pulido-MTL pulido recto 8 a 10mm"," |","-","-","0","0","0","0","0","0","0","Lista A","0","0"," |","39.76","282296","0.0","-"," |","Servicio","45.7","0.87"," |","lucyr","001-001-0038941","0","0","0","0","0","0","7100","14","11","03","2026","0"
"2026-03-14","PRE-185332","ORD-115012-0-2-2","Entregado","DYCK S.A. (Dyck SA  Johan)","Crédito","VIDRIO","Lam4+4G"," |","-","SI","7","6","0.945","1.916","10.863719999999999","45.54","0","OPTIMIZADO C","49.5","0"," |","494.73","3512583","   8.0","-"," |","-","0","0"," |","lucyr","001-001-0038941","0","0","0","0","0","0","7100","14","11","03","2026","137786"
"2026-03-14","PRE-185332","-","-","DYCK S.A. (Dyck SA  Johan)","Crédito","ANEXO","Pulido-MTL pulido recto 8 a 10mm"," |","-","-","0","0","0","0","0","0","0","Lista A","0","0"," |","29.87","212077","0.0","-"," |","Servicio","34.33","0.87"," |","lucyr","001-001-0038941","0","0","0","0","0","0","7100","14","11","03","2026","0"
"2026-03-14","PRE-185332","ORD-115012-0-2-2","Entregado","DYCK S.A. (Dyck SA  Johan)","Crédito","VIDRIO","Lam4+4G"," |","-","SI","7","2","0.847","1.839","3.1152659999999996","45.54","0","OPTIMIZADO C","49.5","0"," |","141.87","1007277","   8.0","-"," |","-","0","0"," |","lucyr","001-001-0038941","0","0","0","0","0","0","7100","14","11","03","2026","137786"
"2026-03-14","PRE-185332","-","-","DYCK S.A. (Dyck SA  Johan)","Crédito","ANEXO","Pulido-MTL pulido recto 8 a 10mm"," |","-","-","0","0","0","0","0","0","0","Lista A","0","0"," |","9.34","66314","0.0","-"," |","Servicio","10.74","0.87"," |","lucyr","001-001-0038941","0","0","0","0","0","0","7100","14","11","03","2026","0"
"2026-03-14","PRE-185331","ORD-115013-8-1-2","Entregado","DYCK S.A. (Dyck SA  Johan)","Crédito","VIDRIO","V5I"," |","-","SI","7","1","0.94","1.561","1.4673399999999999","15.46","0","OPTIMIZADO C","15.46","0"," |","22.69","161099","   0.0","-"," |","-","0","0"," |","lucyr","001-001-0038942","0","0","0","0","0","0","7100","14","11","03","2026","137769"
"2026-03-14","PRE-185331","-","-","DYCK S.A. (Dyck SA  Johan)","Crédito","ANEXO","Pulido-MTL pulido recto 3 a 6mm"," |","-","-","0","0","0","0","0","0","0","Lista A","0","0"," |","4.35","30885","0.0","-"," |","Servicio","5","0.87"," |","lucyr","001-001-0038942","0","0","0","0","0","0","7100","14","11","03","2026","0"
"2026-03-14","PRE-185331","ORD-115013-8-1-2","Entregado","DYCK S.A. (Dyck SA  Johan)","Crédito","VIDRIO","V5I"," |","-","SI","7","2","0.807","1.453","2.345142","15.46","0","OPTIMIZADO C","15.46","0"," |","36.26","257446","   0.0","-"," |","-","0","0"," |","lucyr","001-001-0038942","0","0","0","0","0","0","7100","14","11","03","2026","137769"
"2026-03-14","PRE-185331","-","-","DYCK S.A. (Dyck SA  Johan)","Crédito","ANEXO","Pulido-MTL pulido recto 3 a 6mm"," |","-","-","0","0","0","0","0","0","0","Lista A","0","0"," |","7.86","55806","0.0","-"," |","Servicio","9.04","0.87"," |","lucyr","001-001-0038942","0","0","0","0","0","0","7100","14","11","03","2026","0"
"2026-03-14","PRE-185331","ORD-115013-8-1-2","Entregado","DYCK S.A. (Dyck SA  Johan)","Crédito","VIDRIO","V5I"," |","-","SI","7","2","0.945","1.92","3.6287999999999996","15.46","0","OPTIMIZADO C","15.46","0"," |","56.1","398310","   0.0","-"," |","-","0","0"," |","lucyr","001-001-0038942","0","0","0","0","0","0","7100","14","11","03","2026","137769"
"2026-03-14","PRE-185331","-","-","DYCK S.A. (Dyck SA  Johan)","Crédito","ANEXO","Pulido-MTL pulido recto 3 a 6mm"," |","-","-","0","0","0","0","0","0","0","Lista A","0","0"," |","9.97","70787","0.0","-"," |","Servicio","11.46","0.87"," |","lucyr","001-001-0038942","0","0","0","0","0","0","7100","14","11","03","2026","0"
"2026-03-14","PRE-185331","ORD-115013-8-1-2","Entregado","DYCK S.A. (Dyck SA  Johan)","Crédito","VIDRIO","V5I"," |","-","SI","7","10","0.505","0.954","4.817699999999999","15.46","0","OPTIMIZADO C","15.46","0"," |","74.48","528808","   0.0","-"," |","-","0","0"," |","lucyr","001-001-0038942","0","0","0","0","0","0","7100","14","11","03","2026","137769"
"2026-03-14","PRE-185331","-","-","DYCK S.A. (Dyck SA  Johan)","Crédito","ANEXO","Pulido-MTL pulido recto 3 a 6mm"," |","-","-","0","0","0","0","0","0","0","Lista A","0","0"," |","25.39","180269","0.0","-"," |","Servicio","29.18","0.87"," |","lucyr","001-001-0038942","0","0","0","0","0","0","7100","14","11","03","2026","0"
"2026-03-14","PRE-185331","ORD-115013-8-1-2","Entregado","DYCK S.A. (Dyck SA  Johan)","Crédito","VIDRIO","V5I"," |","-","SI","7","10","0.806","1.456","11.735360000000002","15.46","0","OPTIMIZADO C","15.46","0"," |","181.43","1288153","   0.0","-"," |","-","0","0"," |","lucyr","001-001-0038942","0","0","0","0","0","0","7100","14","11","03","2026","137769"
"2026-03-14","PRE-185331","-","-","DYCK S.A. (Dyck SA  Johan)","Crédito","ANEXO","Pulido-MTL pulido recto 3 a 6mm"," |","-","-","0","0","0","0","0","0","0","Lista A","0","0"," |","39.36","279456","0.0","-"," |","Servicio","45.24","0.87"," |","lucyr","001-001-0038942","0","0","0","0","0","0","7100","14","11","03","2026","0"
"2026-03-14","PRE-185331","ORD-115013-8-1-2","Entregado","DYCK S.A. (Dyck SA  Johan)","Crédito","VIDRIO","V5I"," |","-","SI","7","2","0.405","0.754","0.6107400000000001","15.46","0","OPTIMIZADO C","15.46","0"," |","9.44","67024","   0.0","-"," |","-","0","0"," |","lucyr","001-001-0038942","0","0","0","0","0","0","7100","14","11","03","2026","137769"
"2026-03-14","PRE-185331","-","-","DYCK S.A. (Dyck SA  Johan)","Crédito","ANEXO","Pulido-MTL pulido recto 3 a 6mm"," |","-","-","0","0","0","0","0","0","0","Lista A","0","0"," |","4.04","28684","0.0","-"," |","Servicio","4.64","0.87"," |","lucyr","001-001-0038942","0","0","0","0","0","0","7100","14","11","03","2026","0"
"2026-03-14","PRE-185331","-","-","DYCK S.A. (Dyck SA  Johan)","Crédito","ANEXO","DVH-M2 DVH para perfilería Cámara 12"," |","-","-","0","0","0","0","0","0","0","Lista A","0","0"," |","836.74","5940854","0.0","-"," |","Servicio","24.61","34"," |","lucyr","001-001-0038942","0","0","0","0","0","0","7100","14","11","03","2026","0"
"2026-03-14","PRE-185331","ORD-115013-8-2-2","Entregado","DYCK S.A. (Dyck SA  Johan)","Crédito","VIDRIO","V6G"," |","-","SI","7","2","0.807","1.453","2.345142","23.23","0","OPTIMIZADO C","23.23","0"," |","54.48","386808","   0.0","-"," |","-","0","0"," |","lucyr","001-001-0038942","0","0","0","0","0","0","7100","14","11","03","2026","137787"
"2026-03-14","PRE-185331","-","-","DYCK S.A. (Dyck SA  Johan)","Crédito","ANEXO","Pulido-MTL pulido recto 3 a 6mm"," |","-","-","0","0","0","0","0","0","0","Lista A","0","0"," |","7.86","55806","0.0","-"," |","Servicio","9.04","0.87"," |","lucyr","001-001-0038942","0","0","0","0","0","0","7100","14","11","03","2026","0"
"2026-03-14","PRE-185331","ORD-115013-8-2-2","Entregado","DYCK S.A. (Dyck SA  Johan)","Crédito","VIDRIO","V6G"," |","-","SI","7","1","0.94","1.561","1.4673399999999999","23.23","0","OPTIMIZADO C","23.23","0"," |","34.09","242039","   0.0","-"," |","-","0","0"," |","lucyr","001-001-0038942","0","0","0","0","0","0","7100","14","11","03","2026","137787"
"2026-03-14","PRE-185331","-","-","DYCK S.A. (Dyck SA  Johan)","Crédito","ANEXO","Pulido-MTL pulido recto 3 a 6mm"," |","-","-","0","0","0","0","0","0","0","Lista A","0","0"," |","4.35","30885","0.0","-"," |","Servicio","5","0.87"," |","lucyr","001-001-0038942","0","0","0","0","0","0","7100","14","11","03","2026","0"
"2026-03-14","PRE-185331","ORD-115013-8-2-2","Entregado","DYCK S.A. (Dyck SA  Johan)","Crédito","VIDRIO","V6G"," |","-","SI","7","10","0.505","0.954","4.817699999999999","23.23","0","OPTIMIZADO C","23.23","0"," |","111.92","794632","   0.0","-"," |","-","0","0"," |","lucyr","001-001-0038942","0","0","0","0","0","0","7100","14","11","03","2026","137787"
"2026-03-14","PRE-185331","-","-","DYCK S.A. (Dyck SA  Johan)","Crédito","ANEXO","Pulido-MTL pulido recto 3 a 6mm"," |","-","-","0","0","0","0","0","0","0","Lista A","0","0"," |","25.39","180269","0.0","-"," |","Servicio","29.18","0.87"," |","lucyr","001-001-0038942","0","0","0","0","0","0","7100","14","11","03","2026","0"
"2026-03-14","PRE-185331","ORD-115013-8-2-2","Entregado","DYCK S.A. (Dyck SA  Johan)","Crédito","VIDRIO","V6G"," |","-","SI","7","2","0.405","0.754","0.6107400000000001","23.23","0","OPTIMIZADO C","23.23","0"," |","14.19","100749","   0.0","-"," |","-","0","0"," |","lucyr","001-001-0038942","0","0","0","0","0","0","7100","14","11","03","2026","137787"
"2026-03-14","PRE-185331","-","-","DYCK S.A. (Dyck SA  Johan)","Crédito","ANEXO","Pulido-MTL pulido recto 3 a 6mm"," |","-","-","0","0","0","0","0","0","0","Lista A","0","0"," |","4.04","28684","0.0","-"," |","Servicio","4.64","0.87"," |","lucyr","001-001-0038942","0","0","0","0","0","0","7100","14","11","03","2026","0"
"2026-03-14","PRE-185331","ORD-115013-8-2-2","Entregado","DYCK S.A. (Dyck SA  Johan)","Crédito","VIDRIO","V6G"," |","-","SI","7","10","0.806","1.456","11.735360000000002","23.23","0","OPTIMIZADO C","23.23","0"," |","272.61","1935531","   0.0","-"," |","-","0","0"," |","lucyr","001-001-0038942","0","0","0","0","0","0","7100","14","11","03","2026","137787"
"2026-03-14","PRE-185331","-","-","DYCK S.A. (Dyck SA  Johan)","Crédito","ANEXO","Pulido-MTL pulido recto 3 a 6mm"," |","-","-","0","0","0","0","0","0","0","Lista A","0","0"," |","39.36","279456","0.0","-"," |","Servicio","45.24","0.87"," |","lucyr","001-001-0038942","0","0","0","0","0","0","7100","14","11","03","2026","0"
"2026-03-14","PRE-185331","ORD-115013-8-2-2","Entregado","DYCK S.A. (Dyck SA  Johan)","Crédito","VIDRIO","V6G"," |","-","SI","7","2","0.945","1.92","3.6287999999999996","23.23","0","OPTIMIZADO C","23.23","0"," |","84.3","598530","   0.0","-"," |","-","0","0"," |","lucyr","001-001-0038942","0","0","0","0","0","0","7100","14","11","03","2026","137787"
"2026-03-14","PRE-185331","-","-","DYCK S.A. (Dyck SA  Johan)","Crédito","ANEXO","Pulido-MTL pulido recto 3 a 6mm"," |","-","-","0","0","0","0","0","0","0","Lista A","0","0"," |","9.97","70787","0.0","-"," |","Servicio","11.46","0.87"," |","lucyr","001-001-0038942","0","0","0","0","0","0","7100","14","11","03","2026","0"
"2026-03-14","PRE-185329","ORD-115014-6-1-2","Entregado","DYCK S.A. (Dyck SA  Johan)","Crédito","VIDRIO","V5I"," |","-","SI","5","1","0.374","0.562","0.210188","15.46","0","OPTIMIZADO C","15.46","0"," |","3.25","23075","   0.0","-"," |","-","0","0"," |","lucyr","001-001-0038943","0","0","0","0","0","0","7100","14","11","03","2026","137767"
"2026-03-14","PRE-185329","-","-","DYCK S.A. (Dyck SA  Johan)","Crédito","ANEXO","Pulido-MTL pulido recto 3 a 6mm"," |","-","-","0","0","0","0","0","0","0","Lista A","0","0"," |","1.63","11573","0.0","-"," |","Servicio","1.87","0.87"," |","lucyr","001-001-0038943","0","0","0","0","0","0","7100","14","11","03","2026","0"
"2026-03-14","PRE-185329","-","-","DYCK S.A. (Dyck SA  Johan)","Crédito","ANEXO","Arenado-m2 Arenado ciego"," |","-","-","0","0","0","0","0","0","0","Lista A","0","0"," |","2.73","19383","0.0","-"," |","Servicio","0.21","13"," |","lucyr","001-001-0038943","0","0","0","0","0","0","7100","14","11","03","2026","0"
"2026-03-14","PRE-185329","ORD-115014-6-1-2","Entregado","DYCK S.A. (Dyck SA  Johan)","Crédito","VIDRIO","V5I"," |","-","SI","5","1","0.374","0.558","0.20869200000000002","15.46","0","OPTIMIZADO C","15.46","0"," |","3.23","22933","   0.0","-"," |","-","0","0"," |","lucyr","001-001-0038943","0","0","0","0","0","0","7100","14","11","03","2026","137767"
"2026-03-14","PRE-185329","-","-","DYCK S.A. (Dyck SA  Johan)","Crédito","ANEXO","Pulido-MTL pulido recto 3 a 6mm"," |","-","-","0","0","0","0","0","0","0","Lista A","0","0"," |","1.62","11502","0.0","-"," |","Servicio","1.86","0.87"," |","lucyr","001-001-0038943","0","0","0","0","0","0","7100","14","11","03","2026","0"
"2026-03-14","PRE-185329","-","-","DYCK S.A. (Dyck SA  Johan)","Crédito","ANEXO","Arenado-m2 Arenado ciego"," |","-","-","0","0","0","0","0","0","0","Lista A","0","0"," |","2.73","19383","0.0","-"," |","Servicio","0.21","13"," |","lucyr","001-001-0038943","0","0","0","0","0","0","7100","14","11","03","2026","0"
"2026-03-14","PRE-185329","ORD-115014-6-1-2","Entregado","DYCK S.A. (Dyck SA  Johan)","Crédito","VIDRIO","V5I"," |","-","SI","5","1","0.374","0.553","0.206822","15.46","0","OPTIMIZADO C","15.46","0"," |","3.2","22720","   0.0","-"," |","-","0","0"," |","lucyr","001-001-0038943","0","0","0","0","0","0","7100","14","11","03","2026","137767"
"2026-03-14","PRE-185329","-","-","DYCK S.A. (Dyck SA  Johan)","Crédito","ANEXO","Pulido-MTL pulido recto 3 a 6mm"," |","-","-","0","0","0","0","0","0","0","Lista A","0","0"," |","1.61","11431","0.0","-"," |","Servicio","1.85","0.87"," |","lucyr","001-001-0038943","0","0","0","0","0","0","7100","14","11","03","2026","0"
"2026-03-14","PRE-185329","-","-","DYCK S.A. (Dyck SA  Johan)","Crédito","ANEXO","Arenado-m2 Arenado ciego"," |","-","-","0","0","0","0","0","0","0","Lista A","0","0"," |","2.73","19383","0.0","-"," |","Servicio","0.21","13"," |","lucyr","001-001-0038943","0","0","0","0","0","0","7100","14","11","03","2026","0"
"2026-03-14","PRE-185329","-","-","DYCK S.A. (Dyck SA  Johan)","Crédito","ANEXO","DVH-M2 DVH para perfilería Cámara 12"," |","-","-","0","0","0","0","0","0","0","Lista A","0","0"," |","70.72","502112","0.0","-"," |","Servicio","2.08","34"," |","lucyr","001-001-0038943","0","0","0","0","0","0","7100","14","11","03","2026","0"
"2026-03-14","PRE-185329","ORD-115014-6-1-2","Entregado","DYCK S.A. (Dyck SA  Johan)","Crédito","VIDRIO","V5I"," |","-","SI","5","7","0.374","0.556","1.4556080000000002","15.46","0","OPTIMIZADO C","15.46","0"," |","22.5","159750","   0.0","-"," |","-","0","0"," |","lucyr","001-001-0038943","0","0","0","0","0","0","7100","14","11","03","2026","137767"
"2026-03-14","PRE-185329","-","-","DYCK S.A. (Dyck SA  Johan)","Crédito","ANEXO","Pulido-MTL pulido recto 3 a 6mm"," |","-","-","0","0","0","0","0","0","0","Lista A","0","0"," |","11.33","80443","0.0","-"," |","Servicio","13.02","0.87"," |","lucyr","001-001-0038943","0","0","0","0","0","0","7100","14","11","03","2026","0"
"2026-03-14","PRE-185329","-","-","DYCK S.A. (Dyck SA  Johan)","Crédito","ANEXO","Arenado-m2 Arenado ciego"," |","-","-","0","0","0","0","0","0","0","Lista A","0","0"," |","18.98","134758","0.0","-"," |","Servicio","1.46","13"," |","lucyr","001-001-0038943","0","0","0","0","0","0","7100","14","11","03","2026","0"
"2026-03-14","PRE-185329","ORD-115014-6-2-2","Entregado","DYCK S.A. (Dyck SA  Johan)","Crédito","VIDRIO","V6G"," |","-","SI","5","1","0.374","0.558","0.20869200000000002","23.23","0","OPTIMIZADO C","23.23","0"," |","4.85","34435","   0.0","-"," |","-","0","0"," |","lucyr","001-001-0038943","0","0","0","0","0","0","7100","14","11","03","2026","137788"
"2026-03-14","PRE-185329","-","-","DYCK S.A. (Dyck SA  Johan)","Crédito","ANEXO","Pulido-MTL pulido recto 3 a 6mm"," |","-","-","0","0","0","0","0","0","0","Lista A","0","0"," |","1.62","11502","0.0","-"," |","Servicio","1.86","0.87"," |","lucyr","001-001-0038943","0","0","0","0","0","0","7100","14","11","03","2026","0"
"2026-03-14","PRE-185329","ORD-115014-6-2-2","Entregado","DYCK S.A. (Dyck SA  Johan)","Crédito","VIDRIO","V6G"," |","-","SI","5","7","0.374","0.556","1.4556080000000002","23.23","0","OPTIMIZADO C","23.23","0"," |","33.81","240051","   0.0","-"," |","-","0","0"," |","lucyr","001-001-0038943","0","0","0","0","0","0","7100","14","11","03","2026","137788"
"2026-03-14","PRE-185329","-","-","DYCK S.A. (Dyck SA  Johan)","Crédito","ANEXO","Pulido-MTL pulido recto 3 a 6mm"," |","-","-","0","0","0","0","0","0","0","Lista A","0","0"," |","11.33","80443","0.0","-"," |","Servicio","13.02","0.87"," |","lucyr","001-001-0038943","0","0","0","0","0","0","7100","14","11","03","2026","0"
"2026-03-14","PRE-185329","ORD-115014-6-2-2","Entregado","DYCK S.A. (Dyck SA  Johan)","Crédito","VIDRIO","V6G"," |","-","SI","5","1","0.374","0.553","0.206822","23.23","0","OPTIMIZADO C","23.23","0"," |","4.8","34080","   0.0","-"," |","-","0","0"," |","lucyr","001-001-0038943","0","0","0","0","0","0","7100","14","11","03","2026","137788"
"2026-03-14","PRE-185329","-","-","DYCK S.A. (Dyck SA  Johan)","Crédito","ANEXO","Pulido-MTL pulido recto 3 a 6mm"," |","-","-","0","0","0","0","0","0","0","Lista A","0","0"," |","1.61","11431","0.0","-"," |","Servicio","1.85","0.87"," |","lucyr","001-001-0038943","0","0","0","0","0","0","7100","14","11","03","2026","0"
"2026-03-14","PRE-185329","ORD-115014-6-2-2","Entregado","DYCK S.A. (Dyck SA  Johan)","Crédito","VIDRIO","V6G"," |","-","SI","5","1","0.374","0.562","0.210188","23.23","0","OPTIMIZADO C","23.23","0"," |","4.88","34648","   0.0","-"," |","-","0","0"," |","lucyr","001-001-0038943","0","0","0","0","0","0","7100","14","11","03","2026","137788"
"2026-03-14","PRE-185329","-","-","DYCK S.A. (Dyck SA  Johan)","Crédito","ANEXO","Pulido-MTL pulido recto 3 a 6mm"," |","-","-","0","0","0","0","0","0","0","Lista A","0","0"," |","1.63","11573","0.0","-"," |","Servicio","1.87","0.87"," |","lucyr","001-001-0038943","0","0","0","0","0","0","7100","14","11","03","2026","0"
"2026-03-14","PRE-185354","ORD-115025-1","Entregado","Lap Vidrios E.A.S. (Natalia Torres)","Contado","VIDRIO","Lam3+3I"," |","-","SI","2","2","0.395","0.29","0.2291","30.13","0","OPTI   /   EXPRESS","30.13","0"," |","6.9","48990","   0.0","-"," |","-","0","0"," |","lucyr","001-001-0038954","0","0","0","0","0","0","7100","14","11","03","2026","137794"
"2026-03-14","PRE-185354","-","-","Lap Vidrios E.A.S. (Natalia Torres)","Contado","ANEXO","Pulido-MTL pulido recto 3 a 6mm"," |","-","-","0","0","0","0","0","0","0","Lista A","0","0"," |","2.38","16898","0.0","-"," |","Servicio","2.74","0.87"," |","lucyr","001-001-0038954","0","0","0","0","0","0","7100","14","11","03","2026","0"
"2026-03-14","PRE-185354","-","-","Lap Vidrios E.A.S. (Natalia Torres)","Contado","ANEXO","01-DVH Camara 6 9 12 unidades pequeñas"," |","-","-","0","0","0","0","0","0","0","Lista A","0","0"," |","28.17","200007","0.0","-"," |","Servicio","1","28.17"," |","lucyr","001-001-0038954","0","0","0","0","0","0","7100","14","11","03","2026","0"
"2026-03-19","PRE-185575","ORD-115168-1-2-2","Entregado","DYCK S.A. (Dyck SA  Johan)","Crédito","VIDRIO","V6G"," |","-","SI","7","1","0.46","1.343","0.61778","23.23","0","OPTIMIZADO C","23.23","0"," |","14.35","101885","   0.0","-"," |","-","0","0"," |","lucyr","001-001-0039105","0","0","0","0","0","0","7100","19","12","03","2026","138047"
"2026-03-19","PRE-185575","-","-","DYCK S.A. (Dyck SA  Johan)","Crédito","ANEXO","Pulido-MTL pulido recto 3 a 6mm"," |","-","-","0","0","0","0","0","0","0","Lista A","0","0"," |","3.14","22294","0.0","-"," |","Servicio","3.61","0.87"," |","lucyr","001-001-0039105","0","0","0","0","0","0","7100","19","12","03","2026","0"
"2026-03-19","PRE-185575","ORD-115168-1-2-2","Entregado","DYCK S.A. (Dyck SA  Johan)","Crédito","VIDRIO","V6G"," |","-","SI","7","2","0.415","1.154","0.9578199999999999","23.23","0","OPTIMIZADO C","23.23","0"," |","22.25","157975","   0.0","-"," |","-","0","0"," |","lucyr","001-001-0039105","0","0","0","0","0","0","7100","19","12","03","2026","138047"
"2026-03-19","PRE-185575","-","-","DYCK S.A. (Dyck SA  Johan)","Crédito","ANEXO","Pulido-MTL pulido recto 3 a 6mm"," |","-","-","0","0","0","0","0","0","0","Lista A","0","0"," |","5.46","38766","0.0","-"," |","Servicio","6.28","0.87"," |","lucyr","001-001-0039105","0","0","0","0","0","0","7100","19","12","03","2026","0"
"2026-03-19","PRE-185575","ORD-115168-1-2-2","Entregado","DYCK S.A. (Dyck SA  Johan)","Crédito","VIDRIO","V6G"," |","-","SI","7","2","0.415","0.827","0.68641","23.23","0","OPTIMIZADO C","23.23","0"," |","15.95","113245","   0.0","-"," |","-","0","0"," |","lucyr","001-001-0039105","0","0","0","0","0","0","7100","19","12","03","2026","138047"
"2026-03-19","PRE-185575","-","-","DYCK S.A. (Dyck SA  Johan)","Crédito","ANEXO","Pulido-MTL pulido recto 3 a 6mm"," |","-","-","0","0","0","0","0","0","0","Lista A","0","0"," |","4.32","30672","0.0","-"," |","Servicio","4.97","0.87"," |","lucyr","001-001-0039105","0","0","0","0","0","0","7100","19","12","03","2026","0"
"2026-03-19","PRE-185575","ORD-115168-1-2-2","Entregado","DYCK S.A. (Dyck SA  Johan)","Crédito","VIDRIO","V6G"," |","-","SI","7","1","0.49","1.607","0.78743","23.23","0","OPTIMIZADO C","23.23","0"," |","18.29","129859","   0.0","-"," |","-","0","0"," |","lucyr","001-001-0039105","0","0","0","0","0","0","7100","19","12","03","2026","138047"
"2026-03-19","PRE-185575","-","-","DYCK S.A. (Dyck SA  Johan)","Crédito","ANEXO","Pulido-MTL pulido recto 3 a 6mm"," |","-","-","0","0","0","0","0","0","0","Lista A","0","0"," |","3.65","25915","0.0","-"," |","Servicio","4.19","0.87"," |","lucyr","001-001-0039105","0","0","0","0","0","0","7100","19","12","03","2026","0"
"2026-03-19","PRE-185575","ORD-115168-1-2-2","Entregado","DYCK S.A. (Dyck SA  Johan)","Crédito","VIDRIO","V6G"," |","-","SI","7","2","0.357","0.827","0.590478","23.23","0","OPTIMIZADO C","23.23","0"," |","13.72","97412","   0.0","-"," |","-","0","0"," |","lucyr","001-001-0039105","0","0","0","0","0","0","7100","19","12","03","2026","138047"
"2026-03-19","PRE-185575","-","-","DYCK S.A. (Dyck SA  Johan)","Crédito","ANEXO","Pulido-MTL pulido recto 3 a 6mm"," |","-","-","0","0","0","0","0","0","0","Lista A","0","0"," |","4.12","29252","0.0","-"," |","Servicio","4.74","0.87"," |","lucyr","001-001-0039105","0","0","0","0","0","0","7100","19","12","03","2026","0"
"2026-03-19","PRE-185575","ORD-115168-1-2-2","Entregado","DYCK S.A. (Dyck SA  Johan)","Crédito","VIDRIO","V6G"," |","-","SI","7","1","0.458","1.347","0.616926","23.23","0","OPTIMIZADO C","23.23","0"," |","14.33","101743","   0.0","-"," |","-","0","0"," |","lucyr","001-001-0039105","0","0","0","0","0","0","7100","19","12","03","2026","138047"
"2026-03-19","PRE-185575","-","-","DYCK S.A. (Dyck SA  Johan)","Crédito","ANEXO","Pulido-MTL pulido recto 3 a 6mm"," |","-","-","0","0","0","0","0","0","0","Lista A","0","0"," |","3.14","22294","0.0","-"," |","Servicio","3.61","0.87"," |","lucyr","001-001-0039105","0","0","0","0","0","0","7100","19","12","03","2026","0"
"2026-03-19","PRE-185575","ORD-115168-1-1-2","Entregado","DYCK S.A. (Dyck SA  Johan)","Crédito","VIDRIO","V5I"," |","-","SI","7","2","0.357","0.827","0.590478","15.46","0","OPTIMIZADO C","15.46","0"," |","9.13","64823","   0.0","-"," |","-","0","0"," |","lucyr","001-001-0039105","0","0","0","0","0","0","7100","19","12","03","2026","138019"
"2026-03-19","PRE-185575","-","-","DYCK S.A. (Dyck SA  Johan)","Crédito","ANEXO","Pulido-MTL pulido recto 3 a 6mm"," |","-","-","0","0","0","0","0","0","0","Lista A","0","0"," |","4.12","29252","0.0","-"," |","Servicio","4.74","0.87"," |","lucyr","001-001-0039105","0","0","0","0","0","0","7100","19","12","03","2026","0"
"2026-03-19","PRE-185575","ORD-115168-1-1-2","Entregado","DYCK S.A. (Dyck SA  Johan)","Crédito","VIDRIO","V5I"," |","-","SI","7","2","0.415","1.154","0.9578199999999999","15.46","0","OPTIMIZADO C","15.46","0"," |","14.81","105151","   0.0","-"," |","-","0","0"," |","lucyr","001-001-0039105","0","0","0","0","0","0","7100","19","12","03","2026","138019"
"2026-03-19","PRE-185575","-","-","DYCK S.A. (Dyck SA  Johan)","Crédito","ANEXO","Pulido-MTL pulido recto 3 a 6mm"," |","-","-","0","0","0","0","0","0","0","Lista A","0","0"," |","5.46","38766","0.0","-"," |","Servicio","6.28","0.87"," |","lucyr","001-001-0039105","0","0","0","0","0","0","7100","19","12","03","2026","0"
"2026-03-19","PRE-185575","ORD-115168-1-1-2","Entregado","DYCK S.A. (Dyck SA  Johan)","Crédito","VIDRIO","V5I"," |","-","SI","7","1","0.46","1.343","0.61778","15.46","0","OPTIMIZADO C","15.46","0"," |","9.55","67805","   0.0","-"," |","-","0","0"," |","lucyr","001-001-0039105","0","0","0","0","0","0","7100","19","12","03","2026","138019"
"2026-03-19","PRE-185575","-","-","DYCK S.A. (Dyck SA  Johan)","Crédito","ANEXO","Pulido-MTL pulido recto 3 a 6mm"," |","-","-","0","0","0","0","0","0","0","Lista A","0","0"," |","3.14","22294","0.0","-"," |","Servicio","3.61","0.87"," |","lucyr","001-001-0039105","0","0","0","0","0","0","7100","19","12","03","2026","0"
"2026-03-19","PRE-185575","ORD-115168-1-1-2","Entregado","DYCK S.A. (Dyck SA  Johan)","Crédito","VIDRIO","V5I"," |","-","SI","7","1","0.49","1.607","0.78743","15.46","0","OPTIMIZADO C","15.46","0"," |","12.17","86407","   0.0","-"," |","-","0","0"," |","lucyr","001-001-0039105","0","0","0","0","0","0","7100","19","12","03","2026","138019"
"2026-03-19","PRE-185575","-","-","DYCK S.A. (Dyck SA  Johan)","Crédito","ANEXO","Pulido-MTL pulido recto 3 a 6mm"," |","-","-","0","0","0","0","0","0","0","Lista A","0","0"," |","3.65","25915","0.0","-"," |","Servicio","4.19","0.87"," |","lucyr","001-001-0039105","0","0","0","0","0","0","7100","19","12","03","2026","0"
"2026-03-19","PRE-185575","ORD-115168-1-1-2","Entregado","DYCK S.A. (Dyck SA  Johan)","Crédito","VIDRIO","V5I"," |","-","SI","7","2","0.415","0.827","0.68641","15.46","0","OPTIMIZADO C","15.46","0"," |","10.61","75331","   0.0","-"," |","-","0","0"," |","lucyr","001-001-0039105","0","0","0","0","0","0","7100","19","12","03","2026","138019"
"2026-03-19","PRE-185575","-","-","DYCK S.A. (Dyck SA  Johan)","Crédito","ANEXO","Pulido-MTL pulido recto 3 a 6mm"," |","-","-","0","0","0","0","0","0","0","Lista A","0","0"," |","4.32","30672","0.0","-"," |","Servicio","4.97","0.87"," |","lucyr","001-001-0039105","0","0","0","0","0","0","7100","19","12","03","2026","0"
"2026-03-19","PRE-185575","-","-","DYCK S.A. (Dyck SA  Johan)","Crédito","ANEXO","Arenado-m2 Arenado ciego"," |","-","-","0","0","0","0","0","0","0","Lista A","0","0"," |","55.38","393198","0.0","-"," |","Servicio","4.26","13"," |","lucyr","001-001-0039105","0","0","0","0","0","0","7100","19","12","03","2026","0"
"2026-03-19","PRE-185575","-","-","DYCK S.A. (Dyck SA  Johan)","Crédito","ANEXO","DVH-M2 DVH para perfilería Cámara 12"," |","-","-","0","0","0","0","0","0","0","Lista A","0","0"," |","144.84","1028364","0.0","-"," |","Servicio","4.26","34"," |","lucyr","001-001-0039105","0","0","0","0","0","0","7100","19","12","03","2026","0"
"2026-03-19","PRE-185575","ORD-115168-1-1-2","Entregado","DYCK S.A. (Dyck SA  Johan)","Crédito","VIDRIO","V5I"," |","-","SI","7","1","0.458","1.347","0.616926","15.46","0","OPTIMIZADO C","15.46","0"," |","9.54","67734","   0.0","-"," |","-","0","0"," |","lucyr","001-001-0039105","0","0","0","0","0","0","7100","19","12","03","2026","138019"
"2026-03-19","PRE-185575","-","-","DYCK S.A. (Dyck SA  Johan)","Crédito","ANEXO","Pulido-MTL pulido recto 3 a 6mm"," |","-","-","0","0","0","0","0","0","0","Lista A","0","0"," |","3.14","22294","0.0","-"," |","Servicio","3.61","0.87"," |","lucyr","001-001-0039105","0","0","0","0","0","0","7100","19","12","03","2026","0"
"2026-03-19","PRE-185574","ORD-115169-0-2-2","Entregado","DYCK S.A. (Dyck SA  Johan)","Crédito","VIDRIO","Lam4+4G"," |","-","SI","2","2","0.801","1.741","2.7890820000000005","45.54","0","OPTIMIZADO C","49.5","0"," |","127.01","901771","   8.0","-"," |","-","0","0"," |","lucyr","001-001-0039106","0","0","0","0","0","0","7100","19","12","03","2026","138048"
"2026-03-19","PRE-185574","-","-","DYCK S.A. (Dyck SA  Johan)","Crédito","ANEXO","Pulido-MTL pulido recto 8 a 10mm"," |","-","-","0","0","0","0","0","0","0","Lista A","0","0"," |","8.85","62835","0.0","-"," |","Servicio","10.17","0.87"," |","lucyr","001-001-0039106","0","0","0","0","0","0","7100","19","12","03","2026","0"
"2026-03-19","PRE-185574","ORD-115169-0-1-2","Entregado","DYCK S.A. (Dyck SA  Johan)","Crédito","VIDRIO","V6I"," |","-","SI","2","2","0.801","1.741","2.7890820000000005","18.54","0","OPTIMIZADO C","17.66","0"," |","51.71","367141","  -5.0","-"," |","-","0","0"," |","lucyr","001-001-0039106","0","0","0","0","0","0","7100","19","12","03","2026","138018"
"2026-03-19","PRE-185574","-","-","DYCK S.A. (Dyck SA  Johan)","Crédito","ANEXO","Pulido-MTL pulido recto 3 a 6mm"," |","-","-","0","0","0","0","0","0","0","Lista A","0","0"," |","8.85","62835","0.0","-"," |","Servicio","10.17","0.87"," |","lucyr","001-001-0039106","0","0","0","0","0","0","7100","19","12","03","2026","0"
"2026-03-19","PRE-185574","-","-","DYCK S.A. (Dyck SA  Johan)","Crédito","ANEXO","DVH-M2 DVH para perfilería Cámara 12"," |","-","-","0","0","0","0","0","0","0","Lista A","0","0"," |","94.86","673506","0.0","-"," |","Servicio","2.79","34"," |","lucyr","001-001-0039106","0","0","0","0","0","0","7100","19","12","03","2026","0"
"2026-03-19","PRE-185573","ORD-115170-3-2-2","Entregado","DYCK S.A. (Dyck SA  Johan)","Crédito","VIDRIO","Lam4+4G"," |","-","SI","2","2","0.945","1.92","3.6287999999999996","45.54","0","OPTIMIZADO C","49.5","0"," |","165.26","1173346","   8.0","-"," |","-","0","0"," |","lucyr","001-001-0039107","0","0","0","0","0","0","7100","19","12","03","2026","138049"
"2026-03-19","PRE-185573","-","-","DYCK S.A. (Dyck SA  Johan)","Crédito","ANEXO","Pulido-MTL pulido recto 8 a 10mm"," |","-","-","0","0","0","0","0","0","0","Lista A","0","0"," |","9.97","70787","0.0","-"," |","Servicio","11.46","0.87"," |","lucyr","001-001-0039107","0","0","0","0","0","0","7100","19","12","03","2026","0"
"2026-03-19","PRE-185573","ORD-115170-3-1-2","Entregado","DYCK S.A. (Dyck SA  Johan)","Crédito","VIDRIO","V6I"," |","-","SI","2","2","0.945","1.92","3.6287999999999996","18.54","0","OPTIMIZADO C","17.66","0"," |","67.28","477688","  -5.0","-"," |","-","0","0"," |","lucyr","001-001-0039107","0","0","0","0","0","0","7100","19","12","03","2026","138017"
"2026-03-19","PRE-185573","-","-","DYCK S.A. (Dyck SA  Johan)","Crédito","ANEXO","Pulido-MTL pulido recto 3 a 6mm"," |","-","-","0","0","0","0","0","0","0","Lista A","0","0"," |","9.97","70787","0.0","-"," |","Servicio","11.46","0.87"," |","lucyr","001-001-0039107","0","0","0","0","0","0","7100","19","12","03","2026","0"
"2026-03-19","PRE-185573","-","-","DYCK S.A. (Dyck SA  Johan)","Crédito","ANEXO","DVH-M2 DVH para perfilería Cámara 12"," |","-","-","0","0","0","0","0","0","0","Lista A","0","0"," |","123.42","876282","0.0","-"," |","Servicio","3.63","34"," |","lucyr","001-001-0039107","0","0","0","0","0","0","7100","19","12","03","2026","0"
"2026-03-19","PRE-185566","ORD-115171-1-2-2","Entregado","DYCK S.A. (Dyck SA  Johan)","Crédito","VIDRIO","Lam4+4G"," |","-","SI","9","1","0.536","0.573","0.307128","45.54","0","OPTIMIZADO C","49.5","0"," |","13.99","99329","   8.0","-"," |","-","0","0"," |","lucyr","001-001-0039108","0","0","0","0","0","0","7100","19","12","03","2026","138050"
"2026-03-19","PRE-185566","-","-","DYCK S.A. (Dyck SA  Johan)","Crédito","ANEXO","Pulido-MTL pulido recto 8 a 10mm"," |","-","-","0","0","0","0","0","0","0","Lista A","0","0"," |","1.93","13703","0.0","-"," |","Servicio","2.22","0.87"," |","lucyr","001-001-0039108","0","0","0","0","0","0","7100","19","12","03","2026","0"
"2026-03-19","PRE-185566","ORD-115171-1-2-2","Entregado","DYCK S.A. (Dyck SA  Johan)","Crédito","VIDRIO","Lam4+4G"," |","-","SI","9","2","0.521","1.473","1.534866","45.54","0","OPTIMIZADO C","49.5","0"," |","69.9","496290","   8.0","-"," |","-","0","0"," |","lucyr","001-001-0039108","0","0","0","0","0","0","7100","19","12","03","2026","138050"
"2026-03-19","PRE-185566","-","-","DYCK S.A. (Dyck SA  Johan)","Crédito","ANEXO","Pulido-MTL pulido recto 8 a 10mm"," |","-","-","0","0","0","0","0","0","0","Lista A","0","0"," |","6.94","49274","0.0","-"," |","Servicio","7.98","0.87"," |","lucyr","001-001-0039108","0","0","0","0","0","0","7100","19","12","03","2026","0"
"2026-03-19","PRE-185566","ORD-115171-1-2-2","Entregado","DYCK S.A. (Dyck SA  Johan)","Crédito","VIDRIO","Lam4+4G"," |","-","SI","9","2","0.259","1.113","0.576534","45.54","0","OPTIMIZADO C","49.5","0"," |","26.26","186446","   8.0","-"," |","-","0","0"," |","lucyr","001-001-0039108","0","0","0","0","0","0","7100","19","12","03","2026","138050"
"2026-03-19","PRE-185566","-","-","DYCK S.A. (Dyck SA  Johan)","Crédito","ANEXO","Pulido-MTL pulido recto 8 a 10mm"," |","-","-","0","0","0","0","0","0","0","Lista A","0","0"," |","4.78","33938","0.0","-"," |","Servicio","5.49","0.87"," |","lucyr","001-001-0039108","0","0","0","0","0","0","7100","19","12","03","2026","0"
"2026-03-19","PRE-185566","ORD-115171-1-2-2","Entregado","DYCK S.A. (Dyck SA  Johan)","Crédito","VIDRIO","Lam4+4G"," |","-","SI","9","2","0.521","1.475","1.53695","45.54","0","OPTIMIZADO C","49.5","0"," |","69.99","496929","   8.0","-"," |","-","0","0"," |","lucyr","001-001-0039108","0","0","0","0","0","0","7100","19","12","03","2026","138050"
"2026-03-19","PRE-185566","-","-","DYCK S.A. (Dyck SA  Johan)","Crédito","ANEXO","Pulido-MTL pulido recto 8 a 10mm"," |","-","-","0","0","0","0","0","0","0","Lista A","0","0"," |","6.94","49274","0.0","-"," |","Servicio","7.98","0.87"," |","lucyr","001-001-0039108","0","0","0","0","0","0","7100","19","12","03","2026","0"
"2026-03-19","PRE-185566","ORD-115171-1-2-2","Entregado","DYCK S.A. (Dyck SA  Johan)","Crédito","VIDRIO","Lam4+4G"," |","-","SI","9","1","0.502","0.573","0.28764599999999996","45.54","0","OPTIMIZADO C","49.5","0"," |","13.1","93010","   8.0","-"," |","-","0","0"," |","lucyr","001-001-0039108","0","0","0","0","0","0","7100","19","12","03","2026","138050"
"2026-03-19","PRE-185566","-","-","DYCK S.A. (Dyck SA  Johan)","Crédito","ANEXO","Pulido-MTL pulido recto 8 a 10mm"," |","-","-","0","0","0","0","0","0","0","Lista A","0","0"," |","1.87","13277","0.0","-"," |","Servicio","2.15","0.87"," |","lucyr","001-001-0039108","0","0","0","0","0","0","7100","19","12","03","2026","0"
"2026-03-19","PRE-185566","ORD-115171-1-2-2","Entregado","DYCK S.A. (Dyck SA  Johan)","Crédito","VIDRIO","Lam4+4G"," |","-","SI","9","1","0.495","0.573","0.28363499999999997","45.54","0","OPTIMIZADO C","49.5","0"," |","12.92","91732","   8.0","-"," |","-","0","0"," |","lucyr","001-001-0039108","0","0","0","0","0","0","7100","19","12","03","2026","138050"
"2026-03-19","PRE-185566","-","-","DYCK S.A. (Dyck SA  Johan)","Crédito","ANEXO","Pulido-MTL pulido recto 8 a 10mm"," |","-","-","0","0","0","0","0","0","0","Lista A","0","0"," |","1.86","13206","0.0","-"," |","Servicio","2.14","0.87"," |","lucyr","001-001-0039108","0","0","0","0","0","0","7100","19","12","03","2026","0"
"2026-03-19","PRE-185566","ORD-115171-1-2-2","Entregado","DYCK S.A. (Dyck SA  Johan)","Crédito","VIDRIO","Lam4+4G"," |","-","SI","9","1","0.543","0.573","0.311139","45.54","0","OPTIMIZADO C","49.5","0"," |","14.17","100607","   8.0","-"," |","-","0","0"," |","lucyr","001-001-0039108","0","0","0","0","0","0","7100","19","12","03","2026","138050"
"2026-03-19","PRE-185566","-","-","DYCK S.A. (Dyck SA  Johan)","Crédito","ANEXO","Pulido-MTL pulido recto 8 a 10mm"," |","-","-","0","0","0","0","0","0","0","Lista A","0","0"," |","1.94","13774","0.0","-"," |","Servicio","2.23","0.87"," |","lucyr","001-001-0039108","0","0","0","0","0","0","7100","19","12","03","2026","0"
"2026-03-19","PRE-185566","ORD-115171-1-2-2","Entregado","DYCK S.A. (Dyck SA  Johan)","Crédito","VIDRIO","Lam4+4G"," |","-","SI","9","2","0.507","0.843","0.854802","45.54","0","OPTIMIZADO C","49.5","0"," |","38.93","276403","   8.0","-"," |","-","0","0"," |","lucyr","001-001-0039108","0","0","0","0","0","0","7100","19","12","03","2026","138050"
"2026-03-19","PRE-185566","-","-","DYCK S.A. (Dyck SA  Johan)","Crédito","ANEXO","Pulido-MTL pulido recto 8 a 10mm"," |","-","-","0","0","0","0","0","0","0","Lista A","0","0"," |","4.7","33370","0.0","-"," |","Servicio","5.4","0.87"," |","lucyr","001-001-0039108","0","0","0","0","0","0","7100","19","12","03","2026","0"
"2026-03-19","PRE-185566","ORD-115171-1-1-2","Entregado","DYCK S.A. (Dyck SA  Johan)","Crédito","VIDRIO","V6I"," |","-","SI","9","2","0.521","1.475","1.53695","18.54","0","OPTIMIZADO C","17.66","0"," |","28.5","202350","  -5.0","-"," |","-","0","0"," |","lucyr","001-001-0039108","0","0","0","0","0","0","7100","19","12","03","2026","138011"
"2026-03-19","PRE-185566","-","-","DYCK S.A. (Dyck SA  Johan)","Crédito","ANEXO","Pulido-MTL pulido recto 3 a 6mm"," |","-","-","0","0","0","0","0","0","0","Lista A","0","0"," |","6.94","49274","0.0","-"," |","Servicio","7.98","0.87"," |","lucyr","001-001-0039108","0","0","0","0","0","0","7100","19","12","03","2026","0"
"2026-03-19","PRE-185566","ORD-115171-1-1-2","Entregado","DYCK S.A. (Dyck SA  Johan)","Crédito","VIDRIO","V6I"," |","-","SI","9","2","0.507","0.843","0.854802","18.54","0","OPTIMIZADO C","17.66","0"," |","15.85","112535","  -5.0","-"," |","-","0","0"," |","lucyr","001-001-0039108","0","0","0","0","0","0","7100","19","12","03","2026","138011"
"2026-03-19","PRE-185566","-","-","DYCK S.A. (Dyck SA  Johan)","Crédito","ANEXO","Pulido-MTL pulido recto 3 a 6mm"," |","-","-","0","0","0","0","0","0","0","Lista A","0","0"," |","4.7","33370","0.0","-"," |","Servicio","5.4","0.87"," |","lucyr","001-001-0039108","0","0","0","0","0","0","7100","19","12","03","2026","0"
"2026-03-19","PRE-185566","ORD-115171-1-1-2","Entregado","DYCK S.A. (Dyck SA  Johan)","Crédito","VIDRIO","V6I"," |","-","SI","9","1","0.502","0.573","0.28764599999999996","18.54","0","OPTIMIZADO C","17.66","0"," |","5.33","37843","  -5.0","-"," |","-","0","0"," |","lucyr","001-001-0039108","0","0","0","0","0","0","7100","19","12","03","2026","138011"
"2026-03-19","PRE-185566","-","-","DYCK S.A. (Dyck SA  Johan)","Crédito","ANEXO","Pulido-MTL pulido recto 3 a 6mm"," |","-","-","0","0","0","0","0","0","0","Lista A","0","0"," |","1.87","13277","0.0","-"," |","Servicio","2.15","0.87"," |","lucyr","001-001-0039108","0","0","0","0","0","0","7100","19","12","03","2026","0"
"2026-03-19","PRE-185566","ORD-115171-1-1-2","Entregado","DYCK S.A. (Dyck SA  Johan)","Crédito","VIDRIO","V6I"," |","-","SI","9","2","0.259","1.113","0.576534","18.54","0","OPTIMIZADO C","17.66","0"," |","10.69","75899","  -5.0","-"," |","-","0","0"," |","lucyr","001-001-0039108","0","0","0","0","0","0","7100","19","12","03","2026","138011"
"2026-03-19","PRE-185566","-","-","DYCK S.A. (Dyck SA  Johan)","Crédito","ANEXO","Pulido-MTL pulido recto 3 a 6mm"," |","-","-","0","0","0","0","0","0","0","Lista A","0","0"," |","4.78","33938","0.0","-"," |","Servicio","5.49","0.87"," |","lucyr","001-001-0039108","0","0","0","0","0","0","7100","19","12","03","2026","0"
"2026-03-19","PRE-185566","-","-","DYCK S.A. (Dyck SA  Johan)","Crédito","ANEXO","DVH-M2 DVH para perfilería Cámara 12"," |","-","-","0","0","0","0","0","0","0","Lista A","0","0"," |","193.46","1373566","0.0","-"," |","Servicio","5.69","34"," |","lucyr","001-001-0039108","0","0","0","0","0","0","7100","19","12","03","2026","0"
"2026-03-19","PRE-185566","ORD-115171-1-1-2","Entregado","DYCK S.A. (Dyck SA  Johan)","Crédito","VIDRIO","V6I"," |","-","SI","9","1","0.543","0.573","0.311139","18.54","0","OPTIMIZADO C","17.66","0"," |","5.77","40967","  -5.0","-"," |","-","0","0"," |","lucyr","001-001-0039108","0","0","0","0","0","0","7100","19","12","03","2026","138011"
"2026-03-19","PRE-185566","-","-","DYCK S.A. (Dyck SA  Johan)","Crédito","ANEXO","Pulido-MTL pulido recto 3 a 6mm"," |","-","-","0","0","0","0","0","0","0","Lista A","0","0"," |","1.94","13774","0.0","-"," |","Servicio","2.23","0.87"," |","lucyr","001-001-0039108","0","0","0","0","0","0","7100","19","12","03","2026","0"
"2026-03-19","PRE-185566","ORD-115171-1-1-2","Entregado","DYCK S.A. (Dyck SA  Johan)","Crédito","VIDRIO","V6I"," |","-","SI","9","1","0.495","0.573","0.28363499999999997","18.54","0","OPTIMIZADO C","17.66","0"," |","5.26","37346","  -5.0","-"," |","-","0","0"," |","lucyr","001-001-0039108","0","0","0","0","0","0","7100","19","12","03","2026","138011"
"2026-03-19","PRE-185566","-","-","DYCK S.A. (Dyck SA  Johan)","Crédito","ANEXO","Pulido-MTL pulido recto 3 a 6mm"," |","-","-","0","0","0","0","0","0","0","Lista A","0","0"," |","1.86","13206","0.0","-"," |","Servicio","2.14","0.87"," |","lucyr","001-001-0039108","0","0","0","0","0","0","7100","19","12","03","2026","0"
"2026-03-19","PRE-185566","ORD-115171-1-1-2","Entregado","DYCK S.A. (Dyck SA  Johan)","Crédito","VIDRIO","V6I"," |","-","SI","9","2","0.521","1.473","1.534866","18.54","0","OPTIMIZADO C","17.66","0"," |","28.46","202066","  -5.0","-"," |","-","0","0"," |","lucyr","001-001-0039108","0","0","0","0","0","0","7100","19","12","03","2026","138011"
"2026-03-19","PRE-185566","-","-","DYCK S.A. (Dyck SA  Johan)","Crédito","ANEXO","Pulido-MTL pulido recto 3 a 6mm"," |","-","-","0","0","0","0","0","0","0","Lista A","0","0"," |","6.94","49274","0.0","-"," |","Servicio","7.98","0.87"," |","lucyr","001-001-0039108","0","0","0","0","0","0","7100","19","12","03","2026","0"
"2026-03-19","PRE-185566","ORD-115171-1-1-2","Entregado","DYCK S.A. (Dyck SA  Johan)","Crédito","VIDRIO","V6I"," |","-","SI","9","1","0.536","0.573","0.307128","18.54","0","OPTIMIZADO C","17.66","0"," |","5.69","40399","  -5.0","-"," |","-","0","0"," |","lucyr","001-001-0039108","0","0","0","0","0","0","7100","19","12","03","2026","138011"
"2026-03-19","PRE-185566","-","-","DYCK S.A. (Dyck SA  Johan)","Crédito","ANEXO","Pulido-MTL pulido recto 3 a 6mm"," |","-","-","0","0","0","0","0","0","0","Lista A","0","0"," |","1.93","13703","0.0","-"," |","Servicio","2.22","0.87"," |","lucyr","001-001-0039108","0","0","0","0","0","0","7100","19","12","03","2026","0"
"2026-03-19","PRE-185564","ORD-115172-0-1-2","Entregado","DYCK S.A. (Dyck SA  Johan)","Crédito","VIDRIO","V6I"," |","-","SI","10","2","0.801","0.277","0.44375400000000004","18.54","0","OPTIMIZADO C","17.66","0"," |","8.23","58433","  -5.0","-"," |","-","0","0"," |","lucyr","001-001-0039109","0","0","0","0","0","0","7100","19","12","03","2026","138010"
"2026-03-19","PRE-185564","-","-","DYCK S.A. (Dyck SA  Johan)","Crédito","ANEXO","Pulido-MTL pulido recto 3 a 6mm"," |","-","-","0","0","0","0","0","0","0","Lista A","0","0"," |","3.75","26625","0.0","-"," |","Servicio","4.31","0.87"," |","lucyr","001-001-0039109","0","0","0","0","0","0","7100","19","12","03","2026","0"
"2026-03-19","PRE-185564","ORD-115172-0-1-2","Entregado","DYCK S.A. (Dyck SA  Johan)","Crédito","VIDRIO","V6I"," |","-","SI","10","2","0.821","0.842","1.382564","18.54","0","OPTIMIZADO C","17.66","0"," |","25.63","181973","  -5.0","-"," |","-","0","0"," |","lucyr","001-001-0039109","0","0","0","0","0","0","7100","19","12","03","2026","138010"
"2026-03-19","PRE-185564","-","-","DYCK S.A. (Dyck SA  Johan)","Crédito","ANEXO","Pulido-MTL pulido recto 3 a 6mm"," |","-","-","0","0","0","0","0","0","0","Lista A","0","0"," |","5.79","41109","0.0","-"," |","Servicio","6.65","0.87"," |","lucyr","001-001-0039109","0","0","0","0","0","0","7100","19","12","03","2026","0"
"2026-03-19","PRE-185564","ORD-115172-0-1-2","Entregado","DYCK S.A. (Dyck SA  Johan)","Crédito","VIDRIO","V6I"," |","-","SI","10","1","0.789","1.384","1.091976","18.54","0","OPTIMIZADO C","17.66","0"," |","20.25","143775","  -5.0","-"," |","-","0","0"," |","lucyr","001-001-0039109","0","0","0","0","0","0","7100","19","12","03","2026","138010"
"2026-03-19","PRE-185564","-","-","DYCK S.A. (Dyck SA  Johan)","Crédito","ANEXO","Pulido-MTL pulido recto 3 a 6mm"," |","-","-","0","0","0","0","0","0","0","Lista A","0","0"," |","3.78","26838","0.0","-"," |","Servicio","4.35","0.87"," |","lucyr","001-001-0039109","0","0","0","0","0","0","7100","19","12","03","2026","0"
"2026-03-19","PRE-185564","-","-","DYCK S.A. (Dyck SA  Johan)","Crédito","ANEXO","DVH-M2 DVH para perfilería Cámara 12"," |","-","-","0","0","0","0","0","0","0","Lista A","0","0"," |","362.1","2570910","0.0","-"," |","Servicio","10.65","34"," |","lucyr","001-001-0039109","0","0","0","0","0","0","7100","19","12","03","2026","0"
"2026-03-19","PRE-185564","ORD-115172-0-1-2","Entregado","DYCK S.A. (Dyck SA  Johan)","Crédito","VIDRIO","V6I"," |","-","SI","10","2","0.791","0.277","0.43821400000000005","18.54","0","OPTIMIZADO C","17.66","0"," |","8.12","57652","  -5.0","-"," |","-","0","0"," |","lucyr","001-001-0039109","0","0","0","0","0","0","7100","19","12","03","2026","138010"
"2026-03-19","PRE-185564","-","-","DYCK S.A. (Dyck SA  Johan)","Crédito","ANEXO","Pulido-MTL pulido recto 3 a 6mm"," |","-","-","0","0","0","0","0","0","0","Lista A","0","0"," |","3.71","26341","0.0","-"," |","Servicio","4.27","0.87"," |","lucyr","001-001-0039109","0","0","0","0","0","0","7100","19","12","03","2026","0"
"2026-03-19","PRE-185564","ORD-115172-0-1-2","Entregado","DYCK S.A. (Dyck SA  Johan)","Crédito","VIDRIO","V6I"," |","-","SI","10","2","0.823","1.47","2.4196199999999997","18.54","0","OPTIMIZADO C","17.66","0"," |","44.86","318506","  -5.0","-"," |","-","0","0"," |","lucyr","001-001-0039109","0","0","0","0","0","0","7100","19","12","03","2026","138010"
"2026-03-19","PRE-185564","-","-","DYCK S.A. (Dyck SA  Johan)","Crédito","ANEXO","Pulido-MTL pulido recto 3 a 6mm"," |","-","-","0","0","0","0","0","0","0","Lista A","0","0"," |","7.98","56658","0.0","-"," |","Servicio","9.17","0.87"," |","lucyr","001-001-0039109","0","0","0","0","0","0","7100","19","12","03","2026","0"
"2026-03-19","PRE-185564","ORD-115172-0-1-2","Entregado","DYCK S.A. (Dyck SA  Johan)","Crédito","VIDRIO","V6I"," |","-","SI","10","1","0.789","1.476","1.164564","18.54","0","OPTIMIZADO C","17.66","0"," |","21.59","153289","  -5.0","-"," |","-","0","0"," |","lucyr","001-001-0039109","0","0","0","0","0","0","7100","19","12","03","2026","138010"
"2026-03-19","PRE-185564","-","-","DYCK S.A. (Dyck SA  Johan)","Crédito","ANEXO","Pulido-MTL pulido recto 3 a 6mm"," |","-","-","0","0","0","0","0","0","0","Lista A","0","0"," |","3.94","27974","0.0","-"," |","Servicio","4.53","0.87"," |","lucyr","001-001-0039109","0","0","0","0","0","0","7100","19","12","03","2026","0"
"2026-03-19","PRE-185564","ORD-115172-0-1-2","Entregado","DYCK S.A. (Dyck SA  Johan)","Crédito","VIDRIO","V6I"," |","-","SI","10","1","0.789","1.479","1.1669310000000002","18.54","0","OPTIMIZADO C","17.66","0"," |","21.63","153573","  -5.0","-"," |","-","0","0"," |","lucyr","001-001-0039109","0","0","0","0","0","0","7100","19","12","03","2026","138010"
"2026-03-19","PRE-185564","-","-","DYCK S.A. (Dyck SA  Johan)","Crédito","ANEXO","Pulido-MTL pulido recto 3 a 6mm"," |","-","-","0","0","0","0","0","0","0","Lista A","0","0"," |","3.95","28045","0.0","-"," |","Servicio","4.54","0.87"," |","lucyr","001-001-0039109","0","0","0","0","0","0","7100","19","12","03","2026","0"
"2026-03-19","PRE-185564","ORD-115172-0-1-2","Entregado","DYCK S.A. (Dyck SA  Johan)","Crédito","VIDRIO","V6I"," |","-","SI","10","1","0.789","1.48","1.16772","18.54","0","OPTIMIZADO C","17.66","0"," |","21.65","153715","  -5.0","-"," |","-","0","0"," |","lucyr","001-001-0039109","0","0","0","0","0","0","7100","19","12","03","2026","138010"
"2026-03-19","PRE-185564","-","-","DYCK S.A. (Dyck SA  Johan)","Crédito","ANEXO","Pulido-MTL pulido recto 3 a 6mm"," |","-","-","0","0","0","0","0","0","0","Lista A","0","0"," |","3.95","28045","0.0","-"," |","Servicio","4.54","0.87"," |","lucyr","001-001-0039109","0","0","0","0","0","0","7100","19","12","03","2026","0"
"2026-03-19","PRE-185564","ORD-115172-0-1-2","Entregado","DYCK S.A. (Dyck SA  Johan)","Crédito","VIDRIO","V6I"," |","-","SI","10","1","0.791","1.741","1.377131","18.54","0","OPTIMIZADO C","17.66","0"," |","25.53","181263","  -5.0","-"," |","-","0","0"," |","lucyr","001-001-0039109","0","0","0","0","0","0","7100","19","12","03","2026","138010"
"2026-03-19","PRE-185564","-","-","DYCK S.A. (Dyck SA  Johan)","Crédito","ANEXO","Pulido-MTL pulido recto 3 a 6mm"," |","-","-","0","0","0","0","0","0","0","Lista A","0","0"," |","4.4","31240","0.0","-"," |","Servicio","5.06","0.87"," |","lucyr","001-001-0039109","0","0","0","0","0","0","7100","19","12","03","2026","0"
"2026-03-19","PRE-185564","ORD-115172-0-2-2","En Proceso","DYCK S.A. (Dyck SA  Johan)","Crédito","VIDRIO","Lam4+4G"," |","-","SI","10","1","0.789","1.48","1.16772","45.54","0","OPTIMIZADO C","49.5","0"," |","53.18","377578","   8.0","-"," |","-","0","0"," |","lucyr","001-001-0039109","0","0","0","0","0","0","7100","19","12","03","2026","138051"
"2026-03-19","PRE-185564","-","-","DYCK S.A. (Dyck SA  Johan)","Crédito","ANEXO","Pulido-MTL pulido recto 8 a 10mm"," |","-","-","0","0","0","0","0","0","0","Lista A","0","0"," |","3.95","28045","0.0","-"," |","Servicio","4.54","0.87"," |","lucyr","001-001-0039109","0","0","0","0","0","0","7100","19","12","03","2026","0"
"2026-03-19","PRE-185564","ORD-115172-0-2-2","En Proceso","DYCK S.A. (Dyck SA  Johan)","Crédito","VIDRIO","Lam4+4G"," |","-","SI","10","1","0.789","1.476","1.164564","45.54","0","OPTIMIZADO C","49.5","0"," |","53.03","376513","   8.0","-"," |","-","0","0"," |","lucyr","001-001-0039109","0","0","0","0","0","0","7100","19","12","03","2026","138051"
"2026-03-19","PRE-185564","-","-","DYCK S.A. (Dyck SA  Johan)","Crédito","ANEXO","Pulido-MTL pulido recto 8 a 10mm"," |","-","-","0","0","0","0","0","0","0","Lista A","0","0"," |","3.94","27974","0.0","-"," |","Servicio","4.53","0.87"," |","lucyr","001-001-0039109","0","0","0","0","0","0","7100","19","12","03","2026","0"
"2026-03-19","PRE-185564","ORD-115172-0-2-2","En Proceso","DYCK S.A. (Dyck SA  Johan)","Crédito","VIDRIO","Lam4+4G"," |","-","SI","10","1","0.789","1.384","1.091976","45.54","0","OPTIMIZADO C","49.5","0"," |","49.73","353083","   8.0","-"," |","-","0","0"," |","lucyr","001-001-0039109","0","0","0","0","0","0","7100","19","12","03","2026","138051"
"2026-03-19","PRE-185564","-","-","DYCK S.A. (Dyck SA  Johan)","Crédito","ANEXO","Pulido-MTL pulido recto 8 a 10mm"," |","-","-","0","0","0","0","0","0","0","Lista A","0","0"," |","3.78","26838","0.0","-"," |","Servicio","4.35","0.87"," |","lucyr","001-001-0039109","0","0","0","0","0","0","7100","19","12","03","2026","0"
"2026-03-19","PRE-185564","ORD-115172-0-2-2","En Proceso","DYCK S.A. (Dyck SA  Johan)","Crédito","VIDRIO","Lam4+4G"," |","-","SI","10","2","0.821","0.842","1.382564","45.54","0","OPTIMIZADO C","49.5","0"," |","62.96","447016","   8.0","-"," |","-","0","0"," |","lucyr","001-001-0039109","0","0","0","0","0","0","7100","19","12","03","2026","138051"
"2026-03-19","PRE-185564","-","-","DYCK S.A. (Dyck SA  Johan)","Crédito","ANEXO","Pulido-MTL pulido recto 8 a 10mm"," |","-","-","0","0","0","0","0","0","0","Lista A","0","0"," |","5.79","41109","0.0","-"," |","Servicio","6.65","0.87"," |","lucyr","001-001-0039109","0","0","0","0","0","0","7100","19","12","03","2026","0"
"2026-03-19","PRE-185564","ORD-115172-0-2-2","En Proceso","DYCK S.A. (Dyck SA  Johan)","Crédito","VIDRIO","Lam4+4G"," |","-","SI","10","2","0.801","0.277","0.44375400000000004","45.54","0","OPTIMIZADO C","49.5","0"," |","20.21","143491","   8.0","-"," |","-","0","0"," |","lucyr","001-001-0039109","0","0","0","0","0","0","7100","19","12","03","2026","138051"
"2026-03-19","PRE-185564","-","-","DYCK S.A. (Dyck SA  Johan)","Crédito","ANEXO","Pulido-MTL pulido recto 8 a 10mm"," |","-","-","0","0","0","0","0","0","0","Lista A","0","0"," |","3.75","26625","0.0","-"," |","Servicio","4.31","0.87"," |","lucyr","001-001-0039109","0","0","0","0","0","0","7100","19","12","03","2026","0"
"2026-03-19","PRE-185564","ORD-115172-0-2-2","En Proceso","DYCK S.A. (Dyck SA  Johan)","Crédito","VIDRIO","Lam4+4G"," |","-","SI","10","1","0.789","1.479","1.1669310000000002","45.54","0","OPTIMIZADO C","49.5","0"," |","53.14","377294","   8.0","-"," |","-","0","0"," |","lucyr","001-001-0039109","0","0","0","0","0","0","7100","19","12","03","2026","138051"
"2026-03-19","PRE-185564","-","-","DYCK S.A. (Dyck SA  Johan)","Crédito","ANEXO","Pulido-MTL pulido recto 8 a 10mm"," |","-","-","0","0","0","0","0","0","0","Lista A","0","0"," |","3.95","28045","0.0","-"," |","Servicio","4.54","0.87"," |","lucyr","001-001-0039109","0","0","0","0","0","0","7100","19","12","03","2026","0"
"2026-03-19","PRE-185564","ORD-115172-0-2-2","En Proceso","DYCK S.A. (Dyck SA  Johan)","Crédito","VIDRIO","Lam4+4G"," |","-","SI","10","1","0.791","1.741","1.377131","45.54","0","OPTIMIZADO C","49.5","0"," |","62.71","445241","   8.0","-"," |","-","0","0"," |","lucyr","001-001-0039109","0","0","0","0","0","0","7100","19","12","03","2026","138051"
"2026-03-19","PRE-185564","-","-","DYCK S.A. (Dyck SA  Johan)","Crédito","ANEXO","Pulido-MTL pulido recto 8 a 10mm"," |","-","-","0","0","0","0","0","0","0","Lista A","0","0"," |","4.4","31240","0.0","-"," |","Servicio","5.06","0.87"," |","lucyr","001-001-0039109","0","0","0","0","0","0","7100","19","12","03","2026","0"
"2026-03-19","PRE-185564","ORD-115172-0-2-2","En Proceso","DYCK S.A. (Dyck SA  Johan)","Crédito","VIDRIO","Lam4+4G"," |","-","SI","10","2","0.791","0.277","0.43821400000000005","45.54","0","OPTIMIZADO C","49.5","0"," |","19.96","141716","   8.0","-"," |","-","0","0"," |","lucyr","001-001-0039109","0","0","0","0","0","0","7100","19","12","03","2026","138051"
"2026-03-19","PRE-185564","-","-","DYCK S.A. (Dyck SA  Johan)","Crédito","ANEXO","Pulido-MTL pulido recto 8 a 10mm"," |","-","-","0","0","0","0","0","0","0","Lista A","0","0"," |","3.71","26341","0.0","-"," |","Servicio","4.27","0.87"," |","lucyr","001-001-0039109","0","0","0","0","0","0","7100","19","12","03","2026","0"
"2026-03-19","PRE-185564","ORD-115172-0-2-2","En Proceso","DYCK S.A. (Dyck SA  Johan)","Crédito","VIDRIO","Lam4+4G"," |","-","SI","10","2","0.823","1.47","2.4196199999999997","45.54","0","OPTIMIZADO C","49.5","0"," |","110.19","782349","   8.0","-"," |","-","0","0"," |","lucyr","001-001-0039109","0","0","0","0","0","0","7100","19","12","03","2026","138051"
"2026-03-19","PRE-185564","-","-","DYCK S.A. (Dyck SA  Johan)","Crédito","ANEXO","Pulido-MTL pulido recto 8 a 10mm"," |","-","-","0","0","0","0","0","0","0","Lista A","0","0"," |","7.98","56658","0.0","-"," |","Servicio","9.17","0.87"," |","lucyr","001-001-0039109","0","0","0","0","0","0","7100","19","12","03","2026","0"
"2026-03-19","PRE-185559","ORD-115173-8-1-2","Entregado","DYCK S.A. (Dyck SA  Johan)","Crédito","VIDRIO","V6I"," |","-","SI","10","2","0.757","1.545","2.33913","18.54","0","OPTIMIZADO C","17.66","0"," |","43.37","307927","  -5.0","-"," |","-","0","0"," |","lucyr","001-001-0039110","0","0","0","0","0","0","7100","19","12","03","2026","138005"
"2026-03-19","PRE-185559","-","-","DYCK S.A. (Dyck SA  Johan)","Crédito","ANEXO","Pulido-MTL pulido recto 3 a 6mm"," |","-","-","0","0","0","0","0","0","0","Lista A","0","0"," |","8.01","56871","0.0","-"," |","Servicio","9.21","0.87"," |","lucyr","001-001-0039110","0","0","0","0","0","0","7100","19","12","03","2026","0"
"2026-03-19","PRE-185559","ORD-115173-8-1-2","Entregado","DYCK S.A. (Dyck SA  Johan)","Crédito","VIDRIO","V6I"," |","-","SI","10","1","0.716","1.62","1.15992","18.54","0","OPTIMIZADO C","17.66","0"," |","21.5","152650","  -5.0","-"," |","-","0","0"," |","lucyr","001-001-0039110","0","0","0","0","0","0","7100","19","12","03","2026","138005"
"2026-03-19","PRE-185559","-","-","DYCK S.A. (Dyck SA  Johan)","Crédito","ANEXO","Pulido-MTL pulido recto 3 a 6mm"," |","-","-","0","0","0","0","0","0","0","Lista A","0","0"," |","4.06","28826","0.0","-"," |","Servicio","4.67","0.87"," |","lucyr","001-001-0039110","0","0","0","0","0","0","7100","19","12","03","2026","0"
"2026-03-19","PRE-185559","ORD-115173-8-1-2","Entregado","DYCK S.A. (Dyck SA  Johan)","Crédito","VIDRIO","V6I"," |","-","SI","10","1","0.725","1.61","1.1672500000000001","18.54","0","OPTIMIZADO C","17.66","0"," |","21.64","153644","  -5.0","-"," |","-","0","0"," |","lucyr","001-001-0039110","0","0","0","0","0","0","7100","19","12","03","2026","138005"
"2026-03-19","PRE-185559","-","-","DYCK S.A. (Dyck SA  Johan)","Crédito","ANEXO","Pulido-MTL pulido recto 3 a 6mm"," |","-","-","0","0","0","0","0","0","0","Lista A","0","0"," |","4.06","28826","0.0","-"," |","Servicio","4.67","0.87"," |","lucyr","001-001-0039110","0","0","0","0","0","0","7100","19","12","03","2026","0"
"2026-03-19","PRE-185559","ORD-115173-8-1-2","Entregado","DYCK S.A. (Dyck SA  Johan)","Crédito","VIDRIO","V6I"," |","-","SI","10","1","0.608","1.571","0.9551679999999999","18.54","0","OPTIMIZADO C","17.66","0"," |","17.71","125741","  -5.0","-"," |","-","0","0"," |","lucyr","001-001-0039110","0","0","0","0","0","0","7100","19","12","03","2026","138005"
"2026-03-19","PRE-185559","-","-","DYCK S.A. (Dyck SA  Johan)","Crédito","ANEXO","Pulido-MTL pulido recto 3 a 6mm"," |","-","-","0","0","0","0","0","0","0","Lista A","0","0"," |","3.79","26909","0.0","-"," |","Servicio","4.36","0.87"," |","lucyr","001-001-0039110","0","0","0","0","0","0","7100","19","12","03","2026","0"
"2026-03-19","PRE-185559","-","-","DYCK S.A. (Dyck SA  Johan)","Crédito","ANEXO","DVH-M2 DVH para perfilería Cámara 12"," |","-","-","0","0","0","0","0","0","0","Lista A","0","0"," |","387.94","2754374","0.0","-"," |","Servicio","11.41","34"," |","lucyr","001-001-0039110","0","0","0","0","0","0","7100","19","12","03","2026","0"
"2026-03-19","PRE-185559","ORD-115173-8-1-2","Entregado","DYCK S.A. (Dyck SA  Johan)","Crédito","VIDRIO","V6I"," |","-","SI","10","1","0.725","1.62","1.1745","18.54","0","OPTIMIZADO C","17.66","0"," |","21.78","154638","  -5.0","-"," |","-","0","0"," |","lucyr","001-001-0039110","0","0","0","0","0","0","7100","19","12","03","2026","138005"
"2026-03-19","PRE-185559","-","-","DYCK S.A. (Dyck SA  Johan)","Crédito","ANEXO","Pulido-MTL pulido recto 3 a 6mm"," |","-","-","0","0","0","0","0","0","0","Lista A","0","0"," |","4.08","28968","0.0","-"," |","Servicio","4.69","0.87"," |","lucyr","001-001-0039110","0","0","0","0","0","0","7100","19","12","03","2026","0"
"2026-03-19","PRE-185559","ORD-115173-8-1-2","Entregado","DYCK S.A. (Dyck SA  Johan)","Crédito","VIDRIO","V6I"," |","-","SI","10","1","0.629","1.571","0.988159","18.54","0","OPTIMIZADO C","17.66","0"," |","18.32","130072","  -5.0","-"," |","-","0","0"," |","lucyr","001-001-0039110","0","0","0","0","0","0","7100","19","12","03","2026","138005"
"2026-03-19","PRE-185559","-","-","DYCK S.A. (Dyck SA  Johan)","Crédito","ANEXO","Pulido-MTL pulido recto 3 a 6mm"," |","-","-","0","0","0","0","0","0","0","Lista A","0","0"," |","3.83","27193","0.0","-"," |","Servicio","4.4","0.87"," |","lucyr","001-001-0039110","0","0","0","0","0","0","7100","19","12","03","2026","0"
"2026-03-19","PRE-185559","ORD-115173-8-1-2","Entregado","DYCK S.A. (Dyck SA  Johan)","Crédito","VIDRIO","V6I"," |","-","SI","10","2","0.617","0.88","1.08592","18.54","0","OPTIMIZADO C","17.66","0"," |","20.13","142923","  -5.0","-"," |","-","0","0"," |","lucyr","001-001-0039110","0","0","0","0","0","0","7100","19","12","03","2026","138005"
"2026-03-19","PRE-185559","-","-","DYCK S.A. (Dyck SA  Johan)","Crédito","ANEXO","Pulido-MTL pulido recto 3 a 6mm"," |","-","-","0","0","0","0","0","0","0","Lista A","0","0"," |","5.21","36991","0.0","-"," |","Servicio","5.99","0.87"," |","lucyr","001-001-0039110","0","0","0","0","0","0","7100","19","12","03","2026","0"
"2026-03-19","PRE-185559","ORD-115173-8-1-2","Entregado","DYCK S.A. (Dyck SA  Johan)","Crédito","VIDRIO","V6I"," |","-","SI","10","2","0.757","1.536","2.325504","18.54","0","OPTIMIZADO C","17.66","0"," |","43.11","306081","  -5.0","-"," |","-","0","0"," |","lucyr","001-001-0039110","0","0","0","0","0","0","7100","19","12","03","2026","138005"
"2026-03-19","PRE-185559","-","-","DYCK S.A. (Dyck SA  Johan)","Crédito","ANEXO","Pulido-MTL pulido recto 3 a 6mm"," |","-","-","0","0","0","0","0","0","0","Lista A","0","0"," |","7.98","56658","0.0","-"," |","Servicio","9.17","0.87"," |","lucyr","001-001-0039110","0","0","0","0","0","0","7100","19","12","03","2026","0"
"2026-03-19","PRE-185559","ORD-115173-8-1-2","Entregado","DYCK S.A. (Dyck SA  Johan)","Crédito","VIDRIO","V6I"," |","-","SI","10","1","0.77","0.277","0.21329000000000004","18.54","0","OPTIMIZADO C","17.66","0"," |","3.95","28045","  -5.0","-"," |","-","0","0"," |","lucyr","001-001-0039110","0","0","0","0","0","0","7100","19","12","03","2026","138005"
"2026-03-19","PRE-185559","-","-","DYCK S.A. (Dyck SA  Johan)","Crédito","ANEXO","Pulido-MTL pulido recto 3 a 6mm"," |","-","-","0","0","0","0","0","0","0","Lista A","0","0"," |","1.82","12922","0.0","-"," |","Servicio","2.09","0.87"," |","lucyr","001-001-0039110","0","0","0","0","0","0","7100","19","12","03","2026","0"
"2026-03-19","PRE-185559","ORD-115173-8-2-2","Entregado","DYCK S.A. (Dyck SA  Johan)","Crédito","VIDRIO","Lam4+4G"," |","-","SI","10","2","0.757","1.536","2.325504","45.54","0","OPTIMIZADO C","49.5","0"," |","105.9","751890","   8.0","-"," |","-","0","0"," |","lucyr","001-001-0039110","0","0","0","0","0","0","7100","19","12","03","2026","138052"
"2026-03-19","PRE-185559","-","-","DYCK S.A. (Dyck SA  Johan)","Crédito","ANEXO","Pulido-MTL pulido recto 8 a 10mm"," |","-","-","0","0","0","0","0","0","0","Lista A","0","0"," |","7.98","56658","0.0","-"," |","Servicio","9.17","0.87"," |","lucyr","001-001-0039110","0","0","0","0","0","0","7100","19","12","03","2026","0"
"2026-03-19","PRE-185559","ORD-115173-8-2-2","Entregado","DYCK S.A. (Dyck SA  Johan)","Crédito","VIDRIO","Lam4+4G"," |","-","SI","10","1","0.725","1.62","1.1745","45.54","0","OPTIMIZADO C","49.5","0"," |","53.49","379779","   8.0","-"," |","-","0","0"," |","lucyr","001-001-0039110","0","0","0","0","0","0","7100","19","12","03","2026","138052"
"2026-03-19","PRE-185559","-","-","DYCK S.A. (Dyck SA  Johan)","Crédito","ANEXO","Pulido-MTL pulido recto 8 a 10mm"," |","-","-","0","0","0","0","0","0","0","Lista A","0","0"," |","4.08","28968","0.0","-"," |","Servicio","4.69","0.87"," |","lucyr","001-001-0039110","0","0","0","0","0","0","7100","19","12","03","2026","0"
"2026-03-19","PRE-185559","ORD-115173-8-2-2","Entregado","DYCK S.A. (Dyck SA  Johan)","Crédito","VIDRIO","Lam4+4G"," |","-","SI","10","1","0.629","1.571","0.988159","45.54","0","OPTIMIZADO C","49.5","0"," |","45","319500","   8.0","-"," |","-","0","0"," |","lucyr","001-001-0039110","0","0","0","0","0","0","7100","19","12","03","2026","138052"
"2026-03-19","PRE-185559","-","-","DYCK S.A. (Dyck SA  Johan)","Crédito","ANEXO","Pulido-MTL pulido recto 8 a 10mm"," |","-","-","0","0","0","0","0","0","0","Lista A","0","0"," |","3.83","27193","0.0","-"," |","Servicio","4.4","0.87"," |","lucyr","001-001-0039110","0","0","0","0","0","0","7100","19","12","03","2026","0"
"2026-03-19","PRE-185559","ORD-115173-8-2-2","Entregado","DYCK S.A. (Dyck SA  Johan)","Crédito","VIDRIO","Lam4+4G"," |","-","SI","10","1","0.77","0.277","0.21329000000000004","45.54","0","OPTIMIZADO C","49.5","0"," |","9.71","68941","   8.0","-"," |","-","0","0"," |","lucyr","001-001-0039110","0","0","0","0","0","0","7100","19","12","03","2026","138052"
"2026-03-19","PRE-185559","-","-","DYCK S.A. (Dyck SA  Johan)","Crédito","ANEXO","Pulido-MTL pulido recto 8 a 10mm"," |","-","-","0","0","0","0","0","0","0","Lista A","0","0"," |","1.82","12922","0.0","-"," |","Servicio","2.09","0.87"," |","lucyr","001-001-0039110","0","0","0","0","0","0","7100","19","12","03","2026","0"
"2026-03-19","PRE-185559","ORD-115173-8-2-2","Entregado","DYCK S.A. (Dyck SA  Johan)","Crédito","VIDRIO","Lam4+4G"," |","-","SI","10","1","0.725","1.61","1.1672500000000001","45.54","0","OPTIMIZADO C","49.5","0"," |","53.16","377436","   8.0","-"," |","-","0","0"," |","lucyr","001-001-0039110","0","0","0","0","0","0","7100","19","12","03","2026","138052"
"2026-03-19","PRE-185559","-","-","DYCK S.A. (Dyck SA  Johan)","Crédito","ANEXO","Pulido-MTL pulido recto 8 a 10mm"," |","-","-","0","0","0","0","0","0","0","Lista A","0","0"," |","4.06","28826","0.0","-"," |","Servicio","4.67","0.87"," |","lucyr","001-001-0039110","0","0","0","0","0","0","7100","19","12","03","2026","0"
"2026-03-19","PRE-185559","ORD-115173-8-2-2","Entregado","DYCK S.A. (Dyck SA  Johan)","Crédito","VIDRIO","Lam4+4G"," |","-","SI","10","2","0.757","1.545","2.33913","45.54","0","OPTIMIZADO C","49.5","0"," |","106.52","756292","   8.0","-"," |","-","0","0"," |","lucyr","001-001-0039110","0","0","0","0","0","0","7100","19","12","03","2026","138052"
"2026-03-19","PRE-185559","-","-","DYCK S.A. (Dyck SA  Johan)","Crédito","ANEXO","Pulido-MTL pulido recto 8 a 10mm"," |","-","-","0","0","0","0","0","0","0","Lista A","0","0"," |","8.01","56871","0.0","-"," |","Servicio","9.21","0.87"," |","lucyr","001-001-0039110","0","0","0","0","0","0","7100","19","12","03","2026","0"
"2026-03-19","PRE-185559","ORD-115173-8-2-2","Entregado","DYCK S.A. (Dyck SA  Johan)","Crédito","VIDRIO","Lam4+4G"," |","-","SI","10","1","0.608","1.571","0.9551679999999999","45.54","0","OPTIMIZADO C","49.5","0"," |","43.5","308850","   8.0","-"," |","-","0","0"," |","lucyr","001-001-0039110","0","0","0","0","0","0","7100","19","12","03","2026","138052"
"2026-03-19","PRE-185559","-","-","DYCK S.A. (Dyck SA  Johan)","Crédito","ANEXO","Pulido-MTL pulido recto 8 a 10mm"," |","-","-","0","0","0","0","0","0","0","Lista A","0","0"," |","3.79","26909","0.0","-"," |","Servicio","4.36","0.87"," |","lucyr","001-001-0039110","0","0","0","0","0","0","7100","19","12","03","2026","0"
"2026-03-19","PRE-185559","ORD-115173-8-2-2","Entregado","DYCK S.A. (Dyck SA  Johan)","Crédito","VIDRIO","Lam4+4G"," |","-","SI","10","2","0.617","0.88","1.08592","45.54","0","OPTIMIZADO C","49.5","0"," |","49.45","351095","   8.0","-"," |","-","0","0"," |","lucyr","001-001-0039110","0","0","0","0","0","0","7100","19","12","03","2026","138052"
"2026-03-19","PRE-185559","-","-","DYCK S.A. (Dyck SA  Johan)","Crédito","ANEXO","Pulido-MTL pulido recto 8 a 10mm"," |","-","-","0","0","0","0","0","0","0","Lista A","0","0"," |","5.21","36991","0.0","-"," |","Servicio","5.99","0.87"," |","lucyr","001-001-0039110","0","0","0","0","0","0","7100","19","12","03","2026","0"
"2026-03-19","PRE-185559","ORD-115173-8-2-2","Entregado","DYCK S.A. (Dyck SA  Johan)","Crédito","VIDRIO","Lam4+4G"," |","-","SI","10","1","0.716","1.62","1.15992","45.54","0","OPTIMIZADO C","49.5","0"," |","52.82","375022","   8.0","-"," |","-","0","0"," |","lucyr","001-001-0039110","0","0","0","0","0","0","7100","19","12","03","2026","138052"
"2026-03-19","PRE-185559","-","-","DYCK S.A. (Dyck SA  Johan)","Crédito","ANEXO","Pulido-MTL pulido recto 8 a 10mm"," |","-","-","0","0","0","0","0","0","0","Lista A","0","0"," |","4.06","28826","0.0","-"," |","Servicio","4.67","0.87"," |","lucyr","001-001-0039110","0","0","0","0","0","0","7100","19","12","03","2026","0"
"2026-03-19","PRE-185558","ORD-115174-6-2-2","Entregado","DYCK S.A. (Dyck SA  Johan)","Crédito","VIDRIO","Lam4+4G"," |","-","SI","10","1","0.88","0.478","0.42063999999999996","45.54","0","OPTIMIZADO C","49.5","0"," |","19.16","136036","   8.0","-"," |","-","0","0"," |","lucyr","001-001-0039111","0","0","0","0","0","0","7100","19","12","03","2026","138053"
"2026-03-19","PRE-185558","-","-","DYCK S.A. (Dyck SA  Johan)","Crédito","ANEXO","Pulido-MTL pulido recto 8 a 10mm"," |","-","-","0","0","0","0","0","0","0","Lista A","0","0"," |","2.37","16827","0.0","-"," |","Servicio","2.72","0.87"," |","lucyr","001-001-0039111","0","0","0","0","0","0","7100","19","12","03","2026","0"
"2026-03-19","PRE-185558","ORD-115174-6-2-2","Entregado","DYCK S.A. (Dyck SA  Johan)","Crédito","VIDRIO","Lam4+4G"," |","-","SI","10","1","0.868","1.57","1.36276","45.54","0","OPTIMIZADO C","49.5","0"," |","62.06","440626","   8.0","-"," |","-","0","0"," |","lucyr","001-001-0039111","0","0","0","0","0","0","7100","19","12","03","2026","138053"
"2026-03-19","PRE-185558","-","-","DYCK S.A. (Dyck SA  Johan)","Crédito","ANEXO","Pulido-MTL pulido recto 8 a 10mm"," |","-","-","0","0","0","0","0","0","0","Lista A","0","0"," |","4.25","30175","0.0","-"," |","Servicio","4.88","0.87"," |","lucyr","001-001-0039111","0","0","0","0","0","0","7100","19","12","03","2026","0"
"2026-03-19","PRE-185558","ORD-115174-6-2-2","Entregado","DYCK S.A. (Dyck SA  Johan)","Crédito","VIDRIO","Lam4+4G"," |","-","SI","10","2","1.041","1.983","4.1286059999999996","45.54","0","OPTIMIZADO C","49.5","0"," |","188.02","1334942","   8.0","-"," |","-","0","0"," |","lucyr","001-001-0039111","0","0","0","0","0","0","7100","19","12","03","2026","138053"
"2026-03-19","PRE-185558","-","-","DYCK S.A. (Dyck SA  Johan)","Crédito","ANEXO","Pulido-MTL pulido recto 8 a 10mm"," |","-","-","0","0","0","0","0","0","0","Lista A","0","0"," |","10.53","74763","0.0","-"," |","Servicio","12.1","0.87"," |","lucyr","001-001-0039111","0","0","0","0","0","0","7100","19","12","03","2026","0"
"2026-03-19","PRE-185558","ORD-115174-6-2-2","Entregado","DYCK S.A. (Dyck SA  Johan)","Crédito","VIDRIO","Lam4+4G"," |","-","SI","10","2","0.878","1.57","2.75692","45.54","0","OPTIMIZADO C","49.5","0"," |","125.55","891405","   8.0","-"," |","-","0","0"," |","lucyr","001-001-0039111","0","0","0","0","0","0","7100","19","12","03","2026","138053"
"2026-03-19","PRE-185558","-","-","DYCK S.A. (Dyck SA  Johan)","Crédito","ANEXO","Pulido-MTL pulido recto 8 a 10mm"," |","-","-","0","0","0","0","0","0","0","Lista A","0","0"," |","8.52","60492","0.0","-"," |","Servicio","9.79","0.87"," |","lucyr","001-001-0039111","0","0","0","0","0","0","7100","19","12","03","2026","0"
"2026-03-19","PRE-185558","ORD-115174-6-2-2","Entregado","DYCK S.A. (Dyck SA  Johan)","Crédito","VIDRIO","Lam4+4G"," |","-","SI","10","2","1.008","1.606","3.237696","45.54","0","OPTIMIZADO C","49.5","0"," |","147.44","1046824","   8.0","-"," |","-","0","0"," |","lucyr","001-001-0039111","0","0","0","0","0","0","7100","19","12","03","2026","138053"
"2026-03-19","PRE-185558","-","-","DYCK S.A. (Dyck SA  Johan)","Crédito","ANEXO","Pulido-MTL pulido recto 8 a 10mm"," |","-","-","0","0","0","0","0","0","0","Lista A","0","0"," |","9.1","64610","0.0","-"," |","Servicio","10.46","0.87"," |","lucyr","001-001-0039111","0","0","0","0","0","0","7100","19","12","03","2026","0"
"2026-03-19","PRE-185558","ORD-115174-6-2-2","Entregado","DYCK S.A. (Dyck SA  Johan)","Crédito","VIDRIO","Lam4+4G"," |","-","SI","10","2","1.04","0.277","0.5761600000000001","45.54","0","OPTIMIZADO C","49.5","0"," |","26.24","186304","   8.0","-"," |","-","0","0"," |","lucyr","001-001-0039111","0","0","0","0","0","0","7100","19","12","03","2026","138053"
"2026-03-19","PRE-185558","-","-","DYCK S.A. (Dyck SA  Johan)","Crédito","ANEXO","Pulido-MTL pulido recto 8 a 10mm"," |","-","-","0","0","0","0","0","0","0","Lista A","0","0"," |","4.58","32518","0.0","-"," |","Servicio","5.27","0.87"," |","lucyr","001-001-0039111","0","0","0","0","0","0","7100","19","12","03","2026","0"
"2026-03-19","PRE-185558","ORD-115174-6-2-2","Entregado","DYCK S.A. (Dyck SA  Johan)","Crédito","VIDRIO","Lam4+4G"," |","-","SI","10","1","1.03","0.277","0.28531","45.54","0","OPTIMIZADO C","49.5","0"," |","12.99","92229","   8.0","-"," |","-","0","0"," |","lucyr","001-001-0039111","0","0","0","0","0","0","7100","19","12","03","2026","138053"
"2026-03-19","PRE-185558","-","-","DYCK S.A. (Dyck SA  Johan)","Crédito","ANEXO","Pulido-MTL pulido recto 8 a 10mm"," |","-","-","0","0","0","0","0","0","0","Lista A","0","0"," |","2.27","16117","0.0","-"," |","Servicio","2.61","0.87"," |","lucyr","001-001-0039111","0","0","0","0","0","0","7100","19","12","03","2026","0"
"2026-03-19","PRE-185558","ORD-115174-6-2-2","Entregado","DYCK S.A. (Dyck SA  Johan)","Crédito","VIDRIO","Lam4+4G"," |","-","SI","10","2","0.889","1.813","3.2235139999999998","45.54","0","OPTIMIZADO C","49.5","0"," |","146.8","1042280","   8.0","-"," |","-","0","0"," |","lucyr","001-001-0039111","0","0","0","0","0","0","7100","19","12","03","2026","138053"
"2026-03-19","PRE-185558","-","-","DYCK S.A. (Dyck SA  Johan)","Crédito","ANEXO","Pulido-MTL pulido recto 8 a 10mm"," |","-","-","0","0","0","0","0","0","0","Lista A","0","0"," |","9.4","66740","0.0","-"," |","Servicio","10.81","0.87"," |","lucyr","001-001-0039111","0","0","0","0","0","0","7100","19","12","03","2026","0"
"2026-03-19","PRE-185558","ORD-115174-6-2-2","Entregado","DYCK S.A. (Dyck SA  Johan)","Crédito","VIDRIO","Lam4+4G"," |","-","SI","10","1","0.877","0.477","0.418329","45.54","0","OPTIMIZADO C","49.5","0"," |","19.05","135255","   8.0","-"," |","-","0","0"," |","lucyr","001-001-0039111","0","0","0","0","0","0","7100","19","12","03","2026","138053"
"2026-03-19","PRE-185558","-","-","DYCK S.A. (Dyck SA  Johan)","Crédito","ANEXO","Pulido-MTL pulido recto 8 a 10mm"," |","-","-","0","0","0","0","0","0","0","Lista A","0","0"," |","2.36","16756","0.0","-"," |","Servicio","2.71","0.87"," |","lucyr","001-001-0039111","0","0","0","0","0","0","7100","19","12","03","2026","0"
"2026-03-19","PRE-185558","ORD-115174-6-1-2","Entregado","DYCK S.A. (Dyck SA  Johan)","Crédito","VIDRIO","V6I"," |","-","SI","10","1","1.03","0.277","0.28531","18.54","0","OPTIMIZADO C","17.66","0"," |","5.29","37559","  -5.0","-"," |","-","0","0"," |","lucyr","001-001-0039111","0","0","0","0","0","0","7100","19","12","03","2026","138004"
"2026-03-19","PRE-185558","-","-","DYCK S.A. (Dyck SA  Johan)","Crédito","ANEXO","Pulido-MTL pulido recto 3 a 6mm"," |","-","-","0","0","0","0","0","0","0","Lista A","0","0"," |","2.27","16117","0.0","-"," |","Servicio","2.61","0.87"," |","lucyr","001-001-0039111","0","0","0","0","0","0","7100","19","12","03","2026","0"
"2026-03-19","PRE-185558","ORD-115174-6-1-2","Entregado","DYCK S.A. (Dyck SA  Johan)","Crédito","VIDRIO","V6I"," |","-","SI","10","2","0.889","1.813","3.2235139999999998","18.54","0","OPTIMIZADO C","17.66","0"," |","59.76","424296","  -5.0","-"," |","-","0","0"," |","lucyr","001-001-0039111","0","0","0","0","0","0","7100","19","12","03","2026","138004"
"2026-03-19","PRE-185558","-","-","DYCK S.A. (Dyck SA  Johan)","Crédito","ANEXO","Pulido-MTL pulido recto 3 a 6mm"," |","-","-","0","0","0","0","0","0","0","Lista A","0","0"," |","9.4","66740","0.0","-"," |","Servicio","10.81","0.87"," |","lucyr","001-001-0039111","0","0","0","0","0","0","7100","19","12","03","2026","0"
"2026-03-19","PRE-185558","ORD-115174-6-1-2","Entregado","DYCK S.A. (Dyck SA  Johan)","Crédito","VIDRIO","V6I"," |","-","SI","10","2","0.878","1.57","2.75692","18.54","0","OPTIMIZADO C","17.66","0"," |","51.11","362881","  -5.0","-"," |","-","0","0"," |","lucyr","001-001-0039111","0","0","0","0","0","0","7100","19","12","03","2026","138004"
"2026-03-19","PRE-185558","-","-","DYCK S.A. (Dyck SA  Johan)","Crédito","ANEXO","Pulido-MTL pulido recto 3 a 6mm"," |","-","-","0","0","0","0","0","0","0","Lista A","0","0"," |","8.52","60492","0.0","-"," |","Servicio","9.79","0.87"," |","lucyr","001-001-0039111","0","0","0","0","0","0","7100","19","12","03","2026","0"
"2026-03-19","PRE-185558","ORD-115174-6-1-2","Entregado","DYCK S.A. (Dyck SA  Johan)","Crédito","VIDRIO","V6I"," |","-","SI","10","1","0.877","0.477","0.418329","18.54","0","OPTIMIZADO C","17.66","0"," |","7.76","55096","  -5.0","-"," |","-","0","0"," |","lucyr","001-001-0039111","0","0","0","0","0","0","7100","19","12","03","2026","138004"
"2026-03-19","PRE-185558","-","-","DYCK S.A. (Dyck SA  Johan)","Crédito","ANEXO","Pulido-MTL pulido recto 3 a 6mm"," |","-","-","0","0","0","0","0","0","0","Lista A","0","0"," |","2.36","16756","0.0","-"," |","Servicio","2.71","0.87"," |","lucyr","001-001-0039111","0","0","0","0","0","0","7100","19","12","03","2026","0"
"2026-03-19","PRE-185558","ORD-115174-6-1-2","Entregado","DYCK S.A. (Dyck SA  Johan)","Crédito","VIDRIO","V6I"," |","-","SI","10","1","0.868","1.57","1.36276","18.54","0","OPTIMIZADO C","17.66","0"," |","25.27","179417","  -5.0","-"," |","-","0","0"," |","lucyr","001-001-0039111","0","0","0","0","0","0","7100","19","12","03","2026","138004"
"2026-03-19","PRE-185558","-","-","DYCK S.A. (Dyck SA  Johan)","Crédito","ANEXO","Pulido-MTL pulido recto 3 a 6mm"," |","-","-","0","0","0","0","0","0","0","Lista A","0","0"," |","4.25","30175","0.0","-"," |","Servicio","4.88","0.87"," |","lucyr","001-001-0039111","0","0","0","0","0","0","7100","19","12","03","2026","0"
"2026-03-19","PRE-185558","-","-","DYCK S.A. (Dyck SA  Johan)","Crédito","ANEXO","DVH-M2 DVH para perfilería Cámara 12"," |","-","-","0","0","0","0","0","0","0","Lista A","0","0"," |","557.94","3961374","0.0","-"," |","Servicio","16.41","34"," |","lucyr","001-001-0039111","0","0","0","0","0","0","7100","19","12","03","2026","0"
"2026-03-19","PRE-185558","ORD-115174-6-1-2","Entregado","DYCK S.A. (Dyck SA  Johan)","Crédito","VIDRIO","V6I"," |","-","SI","10","2","1.008","1.606","3.237696","18.54","0","OPTIMIZADO C","17.66","0"," |","60.03","426213","  -5.0","-"," |","-","0","0"," |","lucyr","001-001-0039111","0","0","0","0","0","0","7100","19","12","03","2026","138004"
"2026-03-19","PRE-185558","-","-","DYCK S.A. (Dyck SA  Johan)","Crédito","ANEXO","Pulido-MTL pulido recto 3 a 6mm"," |","-","-","0","0","0","0","0","0","0","Lista A","0","0"," |","9.1","64610","0.0","-"," |","Servicio","10.46","0.87"," |","lucyr","001-001-0039111","0","0","0","0","0","0","7100","19","12","03","2026","0"
"2026-03-19","PRE-185558","ORD-115174-6-1-2","Entregado","DYCK S.A. (Dyck SA  Johan)","Crédito","VIDRIO","V6I"," |","-","SI","10","1","0.88","0.478","0.42063999999999996","18.54","0","OPTIMIZADO C","17.66","0"," |","7.8","55380","  -5.0","-"," |","-","0","0"," |","lucyr","001-001-0039111","0","0","0","0","0","0","7100","19","12","03","2026","138004"
"2026-03-19","PRE-185558","-","-","DYCK S.A. (Dyck SA  Johan)","Crédito","ANEXO","Pulido-MTL pulido recto 3 a 6mm"," |","-","-","0","0","0","0","0","0","0","Lista A","0","0"," |","2.37","16827","0.0","-"," |","Servicio","2.72","0.87"," |","lucyr","001-001-0039111","0","0","0","0","0","0","7100","19","12","03","2026","0"
"2026-03-19","PRE-185558","ORD-115174-6-1-2","Entregado","DYCK S.A. (Dyck SA  Johan)","Crédito","VIDRIO","V6I"," |","-","SI","10","2","1.04","0.277","0.5761600000000001","18.54","0","OPTIMIZADO C","17.66","0"," |","10.68","75828","  -5.0","-"," |","-","0","0"," |","lucyr","001-001-0039111","0","0","0","0","0","0","7100","19","12","03","2026","138004"
"2026-03-19","PRE-185558","-","-","DYCK S.A. (Dyck SA  Johan)","Crédito","ANEXO","Pulido-MTL pulido recto 3 a 6mm"," |","-","-","0","0","0","0","0","0","0","Lista A","0","0"," |","4.58","32518","0.0","-"," |","Servicio","5.27","0.87"," |","lucyr","001-001-0039111","0","0","0","0","0","0","7100","19","12","03","2026","0"
"2026-03-19","PRE-185558","ORD-115174-6-1-2","Entregado","DYCK S.A. (Dyck SA  Johan)","Crédito","VIDRIO","V6I"," |","-","SI","10","2","1.041","1.983","4.1286059999999996","18.54","0","OPTIMIZADO C","17.66","0"," |","76.54","543434","  -5.0","-"," |","-","0","0"," |","lucyr","001-001-0039111","0","0","0","0","0","0","7100","19","12","03","2026","138004"
"2026-03-19","PRE-185558","-","-","DYCK S.A. (Dyck SA  Johan)","Crédito","ANEXO","Pulido-MTL pulido recto 3 a 6mm"," |","-","-","0","0","0","0","0","0","0","Lista A","0","0"," |","10.53","74763","0.0","-"," |","Servicio","12.1","0.87"," |","lucyr","001-001-0039111","0","0","0","0","0","0","7100","19","12","03","2026","0"
"2026-03-19","PRE-185551","ORD-115175-4-1-2","Entregado","DYCK S.A. (Dyck SA  Johan)","Crédito","VIDRIO","V6I"," |","-","SI","7","1","1.294","0.481","0.622414","18.54","0","OPTIMIZADO C","17.66","0"," |","11.54","81934","  -5.0","-"," |","-","0","0"," |","lucyr","001-001-0039112","0","0","0","0","0","0","7100","19","12","03","2026","138003"
"2026-03-19","PRE-185551","-","-","DYCK S.A. (Dyck SA  Johan)","Crédito","ANEXO","Pulido-MTL pulido recto 3 a 6mm"," |","-","-","0","0","0","0","0","0","0","Lista A","0","0"," |","3.09","21939","0.0","-"," |","Servicio","3.55","0.87"," |","lucyr","001-001-0039112","0","0","0","0","0","0","7100","19","12","03","2026","0"
"2026-03-19","PRE-185551","ORD-115175-4-1-2","Entregado","DYCK S.A. (Dyck SA  Johan)","Crédito","VIDRIO","V6I"," |","-","SI","7","1","1.278","0.48","0.61344","18.54","0","OPTIMIZADO C","17.66","0"," |","11.37","80727","  -5.0","-"," |","-","0","0"," |","lucyr","001-001-0039112","0","0","0","0","0","0","7100","19","12","03","2026","138003"
"2026-03-19","PRE-185551","-","-","DYCK S.A. (Dyck SA  Johan)","Crédito","ANEXO","Pulido-MTL pulido recto 3 a 6mm"," |","-","-","0","0","0","0","0","0","0","Lista A","0","0"," |","3.06","21726","0.0","-"," |","Servicio","3.52","0.87"," |","lucyr","001-001-0039112","0","0","0","0","0","0","7100","19","12","03","2026","0"
"2026-03-19","PRE-185551","ORD-115175-4-1-2","Entregado","DYCK S.A. (Dyck SA  Johan)","Crédito","VIDRIO","V6I"," |","-","SI","7","2","1.125","1.624","3.6540000000000004","18.54","0","OPTIMIZADO C","17.66","0"," |","67.75","481025","  -5.0","-"," |","-","0","0"," |","lucyr","001-001-0039112","0","0","0","0","0","0","7100","19","12","03","2026","138003"
"2026-03-19","PRE-185551","-","-","DYCK S.A. (Dyck SA  Johan)","Crédito","ANEXO","Pulido-MTL pulido recto 3 a 6mm"," |","-","-","0","0","0","0","0","0","0","Lista A","0","0"," |","9.57","67947","0.0","-"," |","Servicio","11","0.87"," |","lucyr","001-001-0039112","0","0","0","0","0","0","7100","19","12","03","2026","0"
"2026-03-19","PRE-185551","-","-","DYCK S.A. (Dyck SA  Johan)","Crédito","ANEXO","DVH-M2 DVH para perfilería Cámara 12"," |","-","-","0","0","0","0","0","0","0","Lista A","0","0"," |","282.54","2006034","0.0","-"," |","Servicio","8.31","34"," |","lucyr","001-001-0039112","0","0","0","0","0","0","7100","19","12","03","2026","0"
"2026-03-19","PRE-185551","ORD-115175-4-1-2","Entregado","DYCK S.A. (Dyck SA  Johan)","Crédito","VIDRIO","V6I"," |","-","SI","7","1","2.047","0.475","0.972325","18.54","0","OPTIMIZADO C","17.66","0"," |","18.03","128013","  -5.0","-"," |","-","0","0"," |","lucyr","001-001-0039112","0","0","0","0","0","0","7100","19","12","03","2026","138003"
"2026-03-19","PRE-185551","-","-","DYCK S.A. (Dyck SA  Johan)","Crédito","ANEXO","Pulido-MTL pulido recto 3 a 6mm"," |","-","-","0","0","0","0","0","0","0","Lista A","0","0"," |","4.38","31098","0.0","-"," |","Servicio","5.04","0.87"," |","lucyr","001-001-0039112","0","0","0","0","0","0","7100","19","12","03","2026","0"
"2026-03-19","PRE-185551","ORD-115175-4-1-2","Entregado","DYCK S.A. (Dyck SA  Johan)","Crédito","VIDRIO","V6I"," |","-","SI","7","1","1.287","0.476","0.6126119999999999","18.54","0","OPTIMIZADO C","17.66","0"," |","11.36","80656","  -5.0","-"," |","-","0","0"," |","lucyr","001-001-0039112","0","0","0","0","0","0","7100","19","12","03","2026","138003"
"2026-03-19","PRE-185551","-","-","DYCK S.A. (Dyck SA  Johan)","Crédito","ANEXO","Pulido-MTL pulido recto 3 a 6mm"," |","-","-","0","0","0","0","0","0","0","Lista A","0","0"," |","3.07","21797","0.0","-"," |","Servicio","3.53","0.87"," |","lucyr","001-001-0039112","0","0","0","0","0","0","7100","19","12","03","2026","0"
"2026-03-19","PRE-185551","ORD-115175-4-1-2","Entregado","DYCK S.A. (Dyck SA  Johan)","Crédito","VIDRIO","V6I"," |","-","SI","7","1","1.132","1.624","1.838368","18.54","0","OPTIMIZADO C","17.66","0"," |","34.08","241968","  -5.0","-"," |","-","0","0"," |","lucyr","001-001-0039112","0","0","0","0","0","0","7100","19","12","03","2026","138003"
"2026-03-19","PRE-185551","-","-","DYCK S.A. (Dyck SA  Johan)","Crédito","ANEXO","Pulido-MTL pulido recto 3 a 6mm"," |","-","-","0","0","0","0","0","0","0","Lista A","0","0"," |","4.79","34009","0.0","-"," |","Servicio","5.51","0.87"," |","lucyr","001-001-0039112","0","0","0","0","0","0","7100","19","12","03","2026","0"
"2026-03-19","PRE-185551","ORD-115175-4-2-2","Entregado","DYCK S.A. (Dyck SA  Johan)","Crédito","VIDRIO","Lam4+4G"," |","-","SI","7","1","2.047","0.475","0.972325","45.54","0","OPTIMIZADO C","49.5","0"," |","44.28","314388","   8.0","-"," |","-","0","0"," |","lucyr","001-001-0039112","0","0","0","0","0","0","7100","19","12","03","2026","138055"
"2026-03-19","PRE-185551","-","-","DYCK S.A. (Dyck SA  Johan)","Crédito","ANEXO","Pulido-MTL pulido recto 8 a 10mm"," |","-","-","0","0","0","0","0","0","0","Lista A","0","0"," |","4.38","31098","0.0","-"," |","Servicio","5.04","0.87"," |","lucyr","001-001-0039112","0","0","0","0","0","0","7100","19","12","03","2026","0"
"2026-03-19","PRE-185551","ORD-115175-4-2-2","Entregado","DYCK S.A. (Dyck SA  Johan)","Crédito","VIDRIO","Lam4+4G"," |","-","SI","7","1","1.294","0.481","0.622414","45.54","0","OPTIMIZADO C","49.5","0"," |","28.34","201214","   8.0","-"," |","-","0","0"," |","lucyr","001-001-0039112","0","0","0","0","0","0","7100","19","12","03","2026","138055"
"2026-03-19","PRE-185551","-","-","DYCK S.A. (Dyck SA  Johan)","Crédito","ANEXO","Pulido-MTL pulido recto 8 a 10mm"," |","-","-","0","0","0","0","0","0","0","Lista A","0","0"," |","3.09","21939","0.0","-"," |","Servicio","3.55","0.87"," |","lucyr","001-001-0039112","0","0","0","0","0","0","7100","19","12","03","2026","0"
"2026-03-19","PRE-185551","ORD-115175-4-2-2","Entregado","DYCK S.A. (Dyck SA  Johan)","Crédito","VIDRIO","Lam4+4G"," |","-","SI","7","1","1.132","1.624","1.838368","45.54","0","OPTIMIZADO C","49.5","0"," |","83.72","594412","   8.0","-"," |","-","0","0"," |","lucyr","001-001-0039112","0","0","0","0","0","0","7100","19","12","03","2026","138055"
"2026-03-19","PRE-185551","-","-","DYCK S.A. (Dyck SA  Johan)","Crédito","ANEXO","Pulido-MTL pulido recto 8 a 10mm"," |","-","-","0","0","0","0","0","0","0","Lista A","0","0"," |","4.79","34009","0.0","-"," |","Servicio","5.51","0.87"," |","lucyr","001-001-0039112","0","0","0","0","0","0","7100","19","12","03","2026","0"
"2026-03-19","PRE-185551","ORD-115175-4-2-2","Entregado","DYCK S.A. (Dyck SA  Johan)","Crédito","VIDRIO","Lam4+4G"," |","-","SI","7","1","1.278","0.48","0.61344","45.54","0","OPTIMIZADO C","49.5","0"," |","27.94","198374","   8.0","-"," |","-","0","0"," |","lucyr","001-001-0039112","0","0","0","0","0","0","7100","19","12","03","2026","138055"
"2026-03-19","PRE-185551","-","-","DYCK S.A. (Dyck SA  Johan)","Crédito","ANEXO","Pulido-MTL pulido recto 8 a 10mm"," |","-","-","0","0","0","0","0","0","0","Lista A","0","0"," |","3.06","21726","0.0","-"," |","Servicio","3.52","0.87"," |","lucyr","001-001-0039112","0","0","0","0","0","0","7100","19","12","03","2026","0"
"2026-03-19","PRE-185551","ORD-115175-4-2-2","Entregado","DYCK S.A. (Dyck SA  Johan)","Crédito","VIDRIO","Lam4+4G"," |","-","SI","7","1","1.287","0.476","0.6126119999999999","45.54","0","OPTIMIZADO C","49.5","0"," |","27.9","198090","   8.0","-"," |","-","0","0"," |","lucyr","001-001-0039112","0","0","0","0","0","0","7100","19","12","03","2026","138055"
"2026-03-19","PRE-185551","-","-","DYCK S.A. (Dyck SA  Johan)","Crédito","ANEXO","Pulido-MTL pulido recto 8 a 10mm"," |","-","-","0","0","0","0","0","0","0","Lista A","0","0"," |","3.07","21797","0.0","-"," |","Servicio","3.53","0.87"," |","lucyr","001-001-0039112","0","0","0","0","0","0","7100","19","12","03","2026","0"
"2026-03-19","PRE-185551","ORD-115175-4-2-2","Entregado","DYCK S.A. (Dyck SA  Johan)","Crédito","VIDRIO","Lam4+4G"," |","-","SI","7","2","1.125","1.624","3.6540000000000004","45.54","0","OPTIMIZADO C","49.5","0"," |","166.4","1181440","   8.0","-"," |","-","0","0"," |","lucyr","001-001-0039112","0","0","0","0","0","0","7100","19","12","03","2026","138055"
"2026-03-19","PRE-185551","-","-","DYCK S.A. (Dyck SA  Johan)","Crédito","ANEXO","Pulido-MTL pulido recto 8 a 10mm"," |","-","-","0","0","0","0","0","0","0","Lista A","0","0"," |","9.57","67947","0.0","-"," |","Servicio","11","0.87"," |","lucyr","001-001-0039112","0","0","0","0","0","0","7100","19","12","03","2026","0"
"2026-03-19","PRE-185610","ORD-115181-9-2-2","En Proceso","DYCK S.A. (Dyck SA  Johan)","Crédito","VIDRIO","V6I"," |","-","SI","2","1","0.622","1.985","1.2346700000000002","18.54","0","OPTIMIZADO C","17.66","0"," |","22.89","162519","  -5.0","-"," |","-","0","0"," |","lucyr","001-001-0039118","0","0","0","0","0","0","7100","19","12","03","2026","138062"
"2026-03-19","PRE-185610","-","-","DYCK S.A. (Dyck SA  Johan)","Crédito","ANEXO","Pulido-MTL pulido recto 3 a 6mm"," |","-","-","0","0","0","0","0","0","0","Lista A","0","0"," |","4.53","32163","0.0","-"," |","Servicio","5.21","0.87"," |","lucyr","001-001-0039118","0","0","0","0","0","0","7100","19","12","03","2026","0"
"2026-03-19","PRE-185610","ORD-115181-9-1-2","Entregado","DYCK S.A. (Dyck SA  Johan)","Crédito","VIDRIO","Lam4+4I"," |","-","SI","2","1","0.622","1.985","1.2346700000000002","34.34","0","OPTIMIZADO C","34.34","0"," |","42.4","301040","   0.0","-"," |","-","0","0"," |","lucyr","001-001-0039118","0","0","0","0","0","0","7100","19","12","03","2026","138061"
"2026-03-19","PRE-185610","-","-","DYCK S.A. (Dyck SA  Johan)","Crédito","ANEXO","Pulido-MTL pulido recto 8 a 10mm"," |","-","-","0","0","0","0","0","0","0","Lista A","0","0"," |","4.53","32163","0.0","-"," |","Servicio","5.21","0.87"," |","lucyr","001-001-0039118","0","0","0","0","0","0","7100","19","12","03","2026","0"
"2026-03-19","PRE-185610","-","-","DYCK S.A. (Dyck SA  Johan)","Crédito","ANEXO","DVH-M2 DVH para perfilería Cámara 12"," |","-","-","0","0","0","0","0","0","0","Lista A","0","0"," |","41.82","296922","0.0","-"," |","Servicio","1.23","34"," |","lucyr","001-001-0039118","0","0","0","0","0","0","7100","19","12","03","2026","0"
"2026-03-24","PRE-185790","ORD-115290-4-2-2","Entregado","DYCK S.A. (Dyck SA  Johan)","Crédito","VIDRIO","V6G"," |","-","SI","2","2","0.372","0.177","0.131688","23.23","0","OPTIMIZADO C","23.23","0"," |","3.06","21726","   0.0","-"," |","-","0","0"," |","lucyr","001-001-0039236","0","0","0","0","0","0","7100","24","13","03","2026","138238"
"2026-03-24","PRE-185790","-","-","DYCK S.A. (Dyck SA  Johan)","Crédito","ANEXO","Pulido-MTL pulido recto 3 a 6mm"," |","-","-","0","0","0","0","0","0","0","Lista A","0","0"," |","1.91","13561","0.0","-"," |","Servicio","2.2","0.87"," |","lucyr","001-001-0039236","0","0","0","0","0","0","7100","24","13","03","2026","0"
"2026-03-24","PRE-185790","ORD-115290-4-1-2","Entregado","DYCK S.A. (Dyck SA  Johan)","Crédito","VIDRIO","V5I"," |","-","SI","2","2","0.372","0.177","0.131688","15.46","0","OPTIMIZADO C","15.46","0"," |","2.04","14484","   0.0","-"," |","-","0","0"," |","lucyr","001-001-0039236","0","0","0","0","0","0","7100","24","13","03","2026","138236"
"2026-03-24","PRE-185790","-","-","DYCK S.A. (Dyck SA  Johan)","Crédito","ANEXO","Pulido-MTL pulido recto 3 a 6mm"," |","-","-","0","0","0","0","0","0","0","Lista A","0","0"," |","1.91","13561","0.0","-"," |","Servicio","2.2","0.87"," |","lucyr","001-001-0039236","0","0","0","0","0","0","7100","24","13","03","2026","0"
"2026-03-24","PRE-185790","-","-","DYCK S.A. (Dyck SA  Johan)","Crédito","ANEXO","Arenado-m2 Arenado ciego"," |","-","-","0","0","0","0","0","0","0","Lista A","0","0"," |","1.59","11289","0.0","-"," |","Servicio","0.13","12.2"," |","lucyr","001-001-0039236","0","0","0","0","0","0","7100","24","13","03","2026","0"
"2026-03-24","PRE-185790","-","-","DYCK S.A. (Dyck SA  Johan)","Crédito","ANEXO","DVH-M2 DVH para perfilería Cámara 12"," |","-","-","0","0","0","0","0","0","0","Lista A","0","0"," |","4.42","31382","0.0","-"," |","Servicio","0.13","34"," |","lucyr","001-001-0039236","0","0","0","0","0","0","7100","24","13","03","2026","0"
"2026-03-24","PRE-185789","ORD-115291-2-1-2","Entregado","DYCK S.A. (Dyck SA  Johan)","Crédito","VIDRIO","V5I"," |","-","SI","2","4","0.848","1.012","3.4327039999999998","15.46","0","OPTIMIZADO C","15.46","0"," |","53.07","376797","   0.0","-"," |","-","0","0"," |","lucyr","001-001-0039237","0","0","0","0","0","0","7100","24","13","03","2026","138235"
"2026-03-24","PRE-185789","-","-","DYCK S.A. (Dyck SA  Johan)","Crédito","ANEXO","Pulido-MTL pulido recto 3 a 6mm"," |","-","-","0","0","0","0","0","0","0","Lista A","0","0"," |","12.95","91945","0.0","-"," |","Servicio","14.88","0.87"," |","lucyr","001-001-0039237","0","0","0","0","0","0","7100","24","13","03","2026","0"
"2026-03-24","PRE-185789","-","-","DYCK S.A. (Dyck SA  Johan)","Crédito","ANEXO","DVH-M2 DVH para perfilería Cámara 12"," |","-","-","0","0","0","0","0","0","0","Lista A","0","0"," |","116.62","828002","0.0","-"," |","Servicio","3.43","34"," |","lucyr","001-001-0039237","0","0","0","0","0","0","7100","24","13","03","2026","0"
"2026-03-24","PRE-185789","ORD-115291-2-2-2","Entregado","DYCK S.A. (Dyck SA  Johan)","Crédito","VIDRIO","V6I"," |","-","SI","2","4","0.848","1.012","3.4327039999999998","18.54","0","OPTIMIZADO C","17.66","0"," |","63.64","451844","  -5.0","-"," |","-","0","0"," |","lucyr","001-001-0039237","0","0","0","0","0","0","7100","24","13","03","2026","138239"
"2026-03-24","PRE-185789","-","-","DYCK S.A. (Dyck SA  Johan)","Crédito","ANEXO","Pulido-MTL pulido recto 3 a 6mm"," |","-","-","0","0","0","0","0","0","0","Lista A","0","0"," |","12.95","91945","0.0","-"," |","Servicio","14.88","0.87"," |","lucyr","001-001-0039237","0","0","0","0","0","0","7100","24","13","03","2026","0"
"2026-03-24","PRE-185788","ORD-115292-0-2-2","Entregado","DYCK S.A. (Dyck SA  Johan)","Crédito","VIDRIO","V6G"," |","-","SI","2","2","0.848","1.012","1.7163519999999999","23.23","0","OPTIMIZADO C","23.23","0"," |","39.87","283077","   0.0","-"," |","-","0","0"," |","lucyr","001-001-0039238","0","0","0","0","0","0","7100","24","13","03","2026","138240"
"2026-03-24","PRE-185788","-","-","DYCK S.A. (Dyck SA  Johan)","Crédito","ANEXO","Pulido-MTL pulido recto 3 a 6mm"," |","-","-","0","0","0","0","0","0","0","Lista A","0","0"," |","6.47","45937","0.0","-"," |","Servicio","7.44","0.87"," |","lucyr","001-001-0039238","0","0","0","0","0","0","7100","24","13","03","2026","0"
"2026-03-24","PRE-185788","ORD-115292-0-1-2","Entregado","DYCK S.A. (Dyck SA  Johan)","Crédito","VIDRIO","V5I"," |","-","SI","2","2","0.848","1.012","1.7163519999999999","15.46","0","OPTIMIZADO C","15.46","0"," |","26.53","188363","   0.0","-"," |","-","0","0"," |","lucyr","001-001-0039238","0","0","0","0","0","0","7100","24","13","03","2026","138234"
"2026-03-24","PRE-185788","-","-","DYCK S.A. (Dyck SA  Johan)","Crédito","ANEXO","Pulido-MTL pulido recto 3 a 6mm"," |","-","-","0","0","0","0","0","0","0","Lista A","0","0"," |","6.47","45937","0.0","-"," |","Servicio","7.44","0.87"," |","lucyr","001-001-0039238","0","0","0","0","0","0","7100","24","13","03","2026","0"
"2026-03-24","PRE-185788","-","-","DYCK S.A. (Dyck SA  Johan)","Crédito","ANEXO","DVH-M2 DVH para perfilería Cámara 12"," |","-","-","0","0","0","0","0","0","0","Lista A","0","0"," |","58.48","415208","0.0","-"," |","Servicio","1.72","34"," |","lucyr","001-001-0039238","0","0","0","0","0","0","7100","24","13","03","2026","0"
"2026-03-24","PRE-185787","ORD-115293-9-2-2","Entregado","DYCK S.A. (Dyck SA  Johan)","Crédito","VIDRIO","V6G"," |","-","SI","10","8","0.622","1.001","4.980975999999999","23.23","0","OPTIMIZADO C","23.23","0"," |","115.71","821541","   0.0","-"," |","-","0","0"," |","lucyr","001-001-0039239","0","0","0","0","0","0","7100","24","13","03","2026","138241"
"2026-03-24","PRE-185787","-","-","DYCK S.A. (Dyck SA  Johan)","Crédito","ANEXO","Pulido-MTL pulido recto 3 a 6mm"," |","-","-","0","0","0","0","0","0","0","Lista A","0","0"," |","22.59","160389","0.0","-"," |","Servicio","25.97","0.87"," |","lucyr","001-001-0039239","0","0","0","0","0","0","7100","24","13","03","2026","0"
"2026-03-24","PRE-185787","ORD-115293-9-2-2","Entregado","DYCK S.A. (Dyck SA  Johan)","Crédito","VIDRIO","V6G"," |","-","SI","10","1","0.595","0.8","0.476","23.23","0","OPTIMIZADO C","23.23","0"," |","11.06","78526","   0.0","-"," |","-","0","0"," |","lucyr","001-001-0039239","0","0","0","0","0","0","7100","24","13","03","2026","138241"
"2026-03-24","PRE-185787","-","-","DYCK S.A. (Dyck SA  Johan)","Crédito","ANEXO","Pulido-MTL pulido recto 3 a 6mm"," |","-","-","0","0","0","0","0","0","0","Lista A","0","0"," |","2.43","17253","0.0","-"," |","Servicio","2.79","0.87"," |","lucyr","001-001-0039239","0","0","0","0","0","0","7100","24","13","03","2026","0"
"2026-03-24","PRE-185787","ORD-115293-9-2-2","Entregado","DYCK S.A. (Dyck SA  Johan)","Crédito","VIDRIO","V6G"," |","-","SI","10","1","0.82","1.396","1.14472","23.23","0","OPTIMIZADO C","23.23","0"," |","26.59","188789","   0.0","-"," |","-","0","0"," |","lucyr","001-001-0039239","0","0","0","0","0","0","7100","24","13","03","2026","138241"
"2026-03-24","PRE-185787","-","-","DYCK S.A. (Dyck SA  Johan)","Crédito","ANEXO","Pulido-MTL pulido recto 3 a 6mm"," |","-","-","0","0","0","0","0","0","0","Lista A","0","0"," |","3.85","27335","0.0","-"," |","Servicio","4.43","0.87"," |","lucyr","001-001-0039239","0","0","0","0","0","0","7100","24","13","03","2026","0"
"2026-03-24","PRE-185787","ORD-115293-9-2-2","Entregado","DYCK S.A. (Dyck SA  Johan)","Crédito","VIDRIO","V6G"," |","-","SI","10","2","0.666","0.779","1.037628","23.23","0","OPTIMIZADO C","23.23","0"," |","24.1","171110","   0.0","-"," |","-","0","0"," |","lucyr","001-001-0039239","0","0","0","0","0","0","7100","24","13","03","2026","138241"
"2026-03-24","PRE-185787","-","-","DYCK S.A. (Dyck SA  Johan)","Crédito","ANEXO","Pulido-MTL pulido recto 3 a 6mm"," |","-","-","0","0","0","0","0","0","0","Lista A","0","0"," |","5.03","35713","0.0","-"," |","Servicio","5.78","0.87"," |","lucyr","001-001-0039239","0","0","0","0","0","0","7100","24","13","03","2026","0"
"2026-03-24","PRE-185787","ORD-115293-9-2-2","Entregado","DYCK S.A. (Dyck SA  Johan)","Crédito","VIDRIO","V6G"," |","-","SI","10","8","0.719","1.099","6.321447999999999","23.23","0","OPTIMIZADO C","23.23","0"," |","146.85","1042635","   0.0","-"," |","-","0","0"," |","lucyr","001-001-0039239","0","0","0","0","0","0","7100","24","13","03","2026","138241"
"2026-03-24","PRE-185787","-","-","DYCK S.A. (Dyck SA  Johan)","Crédito","ANEXO","Pulido-MTL pulido recto 3 a 6mm"," |","-","-","0","0","0","0","0","0","0","Lista A","0","0"," |","25.31","179701","0.0","-"," |","Servicio","29.09","0.87"," |","lucyr","001-001-0039239","0","0","0","0","0","0","7100","24","13","03","2026","0"
"2026-03-24","PRE-185787","ORD-115293-9-2-2","Entregado","DYCK S.A. (Dyck SA  Johan)","Crédito","VIDRIO","V6G"," |","-","SI","10","1","0.723","1.298","0.938454","23.23","0","OPTIMIZADO C","23.23","0"," |","21.8","154780","   0.0","-"," |","-","0","0"," |","lucyr","001-001-0039239","0","0","0","0","0","0","7100","24","13","03","2026","138241"
"2026-03-24","PRE-185787","-","-","DYCK S.A. (Dyck SA  Johan)","Crédito","ANEXO","Pulido-MTL pulido recto 3 a 6mm"," |","-","-","0","0","0","0","0","0","0","Lista A","0","0"," |","3.51","24921","0.0","-"," |","Servicio","4.04","0.87"," |","lucyr","001-001-0039239","0","0","0","0","0","0","7100","24","13","03","2026","0"
"2026-03-24","PRE-185787","ORD-115293-9-2-2","Entregado","DYCK S.A. (Dyck SA  Johan)","Crédito","VIDRIO","V6G"," |","-","SI","10","3","0.495","0.3","0.4455","23.23","0","OPTIMIZADO C","23.23","0"," |","10.35","73485","   0.0","-"," |","-","0","0"," |","lucyr","001-001-0039239","0","0","0","0","0","0","7100","24","13","03","2026","138241"
"2026-03-24","PRE-185787","-","-","DYCK S.A. (Dyck SA  Johan)","Crédito","ANEXO","Pulido-MTL pulido recto 3 a 6mm"," |","-","-","0","0","0","0","0","0","0","Lista A","0","0"," |","4.15","29465","0.0","-"," |","Servicio","4.77","0.87"," |","lucyr","001-001-0039239","0","0","0","0","0","0","7100","24","13","03","2026","0"
"2026-03-24","PRE-185787","ORD-115293-9-2-2","Entregado","DYCK S.A. (Dyck SA  Johan)","Crédito","VIDRIO","V6G"," |","-","SI","10","1","0.723","1.792","1.2956159999999999","23.23","0","OPTIMIZADO C","23.23","0"," |","30.1","213710","   0.0","-"," |","-","0","0"," |","lucyr","001-001-0039239","0","0","0","0","0","0","7100","24","13","03","2026","138241"
"2026-03-24","PRE-185787","-","-","DYCK S.A. (Dyck SA  Johan)","Crédito","ANEXO","Pulido-MTL pulido recto 3 a 6mm"," |","-","-","0","0","0","0","0","0","0","Lista A","0","0"," |","4.38","31098","0.0","-"," |","Servicio","5.03","0.87"," |","lucyr","001-001-0039239","0","0","0","0","0","0","7100","24","13","03","2026","0"
"2026-03-24","PRE-185787","ORD-115293-9-2-2","Entregado","DYCK S.A. (Dyck SA  Johan)","Crédito","VIDRIO","V6G"," |","-","SI","10","1","0.82","1.89","1.5497999999999998","23.23","0","OPTIMIZADO C","23.23","0"," |","36","255600","   0.0","-"," |","-","0","0"," |","lucyr","001-001-0039239","0","0","0","0","0","0","7100","24","13","03","2026","138241"
"2026-03-24","PRE-185787","-","-","DYCK S.A. (Dyck SA  Johan)","Crédito","ANEXO","Pulido-MTL pulido recto 3 a 6mm"," |","-","-","0","0","0","0","0","0","0","Lista A","0","0"," |","4.72","33512","0.0","-"," |","Servicio","5.42","0.87"," |","lucyr","001-001-0039239","0","0","0","0","0","0","7100","24","13","03","2026","0"
"2026-03-24","PRE-185787","ORD-115293-9-1-2","Entregado","DYCK S.A. (Dyck SA  Johan)","Crédito","VIDRIO","V5I"," |","-","SI","10","8","0.622","1.001","4.980975999999999","15.46","0","OPTIMIZADO C","15.46","0"," |","77.01","546771","   0.0","-"," |","-","0","0"," |","lucyr","001-001-0039239","0","0","0","0","0","0","7100","24","13","03","2026","138233"
"2026-03-24","PRE-185787","-","-","DYCK S.A. (Dyck SA  Johan)","Crédito","ANEXO","Pulido-MTL pulido recto 3 a 6mm"," |","-","-","0","0","0","0","0","0","0","Lista A","0","0"," |","22.59","160389","0.0","-"," |","Servicio","25.97","0.87"," |","lucyr","001-001-0039239","0","0","0","0","0","0","7100","24","13","03","2026","0"
"2026-03-24","PRE-185787","ORD-115293-9-1-2","Entregado","DYCK S.A. (Dyck SA  Johan)","Crédito","VIDRIO","V5I"," |","-","SI","10","1","0.723","1.792","1.2956159999999999","15.46","0","OPTIMIZADO C","15.46","0"," |","20.03","142213","   0.0","-"," |","-","0","0"," |","lucyr","001-001-0039239","0","0","0","0","0","0","7100","24","13","03","2026","138233"
"2026-03-24","PRE-185787","-","-","DYCK S.A. (Dyck SA  Johan)","Crédito","ANEXO","Pulido-MTL pulido recto 3 a 6mm"," |","-","-","0","0","0","0","0","0","0","Lista A","0","0"," |","4.38","31098","0.0","-"," |","Servicio","5.03","0.87"," |","lucyr","001-001-0039239","0","0","0","0","0","0","7100","24","13","03","2026","0"
"2026-03-24","PRE-185787","ORD-115293-9-1-2","Entregado","DYCK S.A. (Dyck SA  Johan)","Crédito","VIDRIO","V5I"," |","-","SI","10","2","0.666","0.779","1.037628","15.46","0","OPTIMIZADO C","15.46","0"," |","16.04","113884","   0.0","-"," |","-","0","0"," |","lucyr","001-001-0039239","0","0","0","0","0","0","7100","24","13","03","2026","138233"
"2026-03-24","PRE-185787","-","-","DYCK S.A. (Dyck SA  Johan)","Crédito","ANEXO","Pulido-MTL pulido recto 3 a 6mm"," |","-","-","0","0","0","0","0","0","0","Lista A","0","0"," |","5.03","35713","0.0","-"," |","Servicio","5.78","0.87"," |","lucyr","001-001-0039239","0","0","0","0","0","0","7100","24","13","03","2026","0"
"2026-03-24","PRE-185787","ORD-115293-9-1-2","Entregado","DYCK S.A. (Dyck SA  Johan)","Crédito","VIDRIO","V5I"," |","-","SI","10","1","0.595","0.8","0.476","15.46","0","OPTIMIZADO C","15.46","0"," |","7.36","52256","   0.0","-"," |","-","0","0"," |","lucyr","001-001-0039239","0","0","0","0","0","0","7100","24","13","03","2026","138233"
"2026-03-24","PRE-185787","-","-","DYCK S.A. (Dyck SA  Johan)","Crédito","ANEXO","Pulido-MTL pulido recto 3 a 6mm"," |","-","-","0","0","0","0","0","0","0","Lista A","0","0"," |","2.43","17253","0.0","-"," |","Servicio","2.79","0.87"," |","lucyr","001-001-0039239","0","0","0","0","0","0","7100","24","13","03","2026","0"
"2026-03-24","PRE-185787","ORD-115293-9-1-2","Entregado","DYCK S.A. (Dyck SA  Johan)","Crédito","VIDRIO","V5I"," |","-","SI","10","1","0.723","1.298","0.938454","15.46","0","OPTIMIZADO C","15.46","0"," |","14.51","103021","   0.0","-"," |","-","0","0"," |","lucyr","001-001-0039239","0","0","0","0","0","0","7100","24","13","03","2026","138233"
"2026-03-24","PRE-185787","-","-","DYCK S.A. (Dyck SA  Johan)","Crédito","ANEXO","Pulido-MTL pulido recto 3 a 6mm"," |","-","-","0","0","0","0","0","0","0","Lista A","0","0"," |","3.51","24921","0.0","-"," |","Servicio","4.04","0.87"," |","lucyr","001-001-0039239","0","0","0","0","0","0","7100","24","13","03","2026","0"
"2026-03-24","PRE-185787","ORD-115293-9-1-2","Entregado","DYCK S.A. (Dyck SA  Johan)","Crédito","VIDRIO","V5I"," |","-","SI","10","1","0.82","1.396","1.14472","15.46","0","OPTIMIZADO C","15.46","0"," |","17.7","125670","   0.0","-"," |","-","0","0"," |","lucyr","001-001-0039239","0","0","0","0","0","0","7100","24","13","03","2026","138233"
"2026-03-24","PRE-185787","-","-","DYCK S.A. (Dyck SA  Johan)","Crédito","ANEXO","Pulido-MTL pulido recto 3 a 6mm"," |","-","-","0","0","0","0","0","0","0","Lista A","0","0"," |","3.85","27335","0.0","-"," |","Servicio","4.43","0.87"," |","lucyr","001-001-0039239","0","0","0","0","0","0","7100","24","13","03","2026","0"
"2026-03-24","PRE-185787","ORD-115293-9-1-2","Entregado","DYCK S.A. (Dyck SA  Johan)","Crédito","VIDRIO","V5I"," |","-","SI","10","8","0.719","1.099","6.321447999999999","15.46","0","OPTIMIZADO C","15.46","0"," |","97.73","693883","   0.0","-"," |","-","0","0"," |","lucyr","001-001-0039239","0","0","0","0","0","0","7100","24","13","03","2026","138233"
"2026-03-24","PRE-185787","-","-","DYCK S.A. (Dyck SA  Johan)","Crédito","ANEXO","Pulido-MTL pulido recto 3 a 6mm"," |","-","-","0","0","0","0","0","0","0","Lista A","0","0"," |","25.31","179701","0.0","-"," |","Servicio","29.09","0.87"," |","lucyr","001-001-0039239","0","0","0","0","0","0","7100","24","13","03","2026","0"
"2026-03-24","PRE-185787","ORD-115293-9-1-2","Entregado","DYCK S.A. (Dyck SA  Johan)","Crédito","VIDRIO","V5I"," |","-","SI","10","1","0.82","1.89","1.5497999999999998","15.46","0","OPTIMIZADO C","15.46","0"," |","23.96","170116","   0.0","-"," |","-","0","0"," |","lucyr","001-001-0039239","0","0","0","0","0","0","7100","24","13","03","2026","138233"
"2026-03-24","PRE-185787","-","-","DYCK S.A. (Dyck SA  Johan)","Crédito","ANEXO","Pulido-MTL pulido recto 3 a 6mm"," |","-","-","0","0","0","0","0","0","0","Lista A","0","0"," |","4.72","33512","0.0","-"," |","Servicio","5.42","0.87"," |","lucyr","001-001-0039239","0","0","0","0","0","0","7100","24","13","03","2026","0"
"2026-03-24","PRE-185787","ORD-115293-9-1-2","Entregado","DYCK S.A. (Dyck SA  Johan)","Crédito","VIDRIO","V5I"," |","-","SI","10","3","0.495","0.3","0.4455","15.46","0","OPTIMIZADO C","15.46","0"," |","6.89","48919","   0.0","-"," |","-","0","0"," |","lucyr","001-001-0039239","0","0","0","0","0","0","7100","24","13","03","2026","138233"
"2026-03-24","PRE-185787","-","-","DYCK S.A. (Dyck SA  Johan)","Crédito","ANEXO","Pulido-MTL pulido recto 3 a 6mm"," |","-","-","0","0","0","0","0","0","0","Lista A","0","0"," |","4.15","29465","0.0","-"," |","Servicio","4.77","0.87"," |","lucyr","001-001-0039239","0","0","0","0","0","0","7100","24","13","03","2026","0"
"2026-03-24","PRE-185787","-","-","DYCK S.A. (Dyck SA  Johan)","Crédito","ANEXO","DVH-M2 DVH para perfilería Cámara 12"," |","-","-","0","0","0","0","0","0","0","Lista A","0","0"," |","618.46","4391066","0.0","-"," |","Servicio","18.19","34"," |","lucyr","001-001-0039239","0","0","0","0","0","0","7100","24","13","03","2026","0"
"2026-03-24","PRE-185786","ORD-115294-7-2-2","Entregado","DYCK S.A. (Dyck SA  Johan)","Crédito","VIDRIO","V6G"," |","-","SI","2","2","0.505","0.952","0.9615199999999999","23.23","0","OPTIMIZADO C","23.23","0"," |","22.34","158614","   0.0","-"," |","-","0","0"," |","lucyr","001-001-0039240","0","0","0","0","0","0","7100","24","13","03","2026","138242"
"2026-03-24","PRE-185786","-","-","DYCK S.A. (Dyck SA  Johan)","Crédito","ANEXO","Pulido-MTL pulido recto 3 a 6mm"," |","-","-","0","0","0","0","0","0","0","Lista A","0","0"," |","5.07","35997","0.0","-"," |","Servicio","5.83","0.87"," |","lucyr","001-001-0039240","0","0","0","0","0","0","7100","24","13","03","2026","0"
"2026-03-24","PRE-185786","ORD-115294-7-1-2","Entregado","DYCK S.A. (Dyck SA  Johan)","Crédito","VIDRIO","V5I"," |","-","SI","2","2","0.505","0.952","0.9615199999999999","15.46","0","OPTIMIZADO C","15.46","0"," |","14.87","105577","   0.0","-"," |","-","0","0"," |","lucyr","001-001-0039240","0","0","0","0","0","0","7100","24","13","03","2026","138232"
"2026-03-24","PRE-185786","-","-","DYCK S.A. (Dyck SA  Johan)","Crédito","ANEXO","Pulido-MTL pulido recto 3 a 6mm"," |","-","-","0","0","0","0","0","0","0","Lista A","0","0"," |","5.07","35997","0.0","-"," |","Servicio","5.83","0.87"," |","lucyr","001-001-0039240","0","0","0","0","0","0","7100","24","13","03","2026","0"
"2026-03-24","PRE-185786","-","-","DYCK S.A. (Dyck SA  Johan)","Crédito","ANEXO","DVH-M2 DVH para perfilería Cámara 12"," |","-","-","0","0","0","0","0","0","0","Lista A","0","0"," |","32.64","231744","0.0","-"," |","Servicio","0.96","34"," |","lucyr","001-001-0039240","0","0","0","0","0","0","7100","24","13","03","2026","0"